date,AAPL,MSFT,AMZN,TSLA,GOOGL
5/05/2017,148.96,69,934.15,308.35,950.28
8/05/2017,153.01,68.94,949.04,307.19,958.69
9/05/2017,153.99,69.04,952.82,321.26,956.71
10/05/2017,153.26,69.31,948.95,325.22,954.84
11/05/2017,153.95,68.46,947.62,323.1,955.89
12/05/2017,156.1,68.38,961.35,324.81,955.14
15/05/2017,155.7,68.43,957.97,315.88,959.22
16/05/2017,155.47,69.41,966.07,317.01,964.61
17/05/2017,150.25,67.48,944.76,306.11,942.17
18/05/2017,152.54,67.71,958.49,313.06,950.5
19/05/2017,153.06,67.69,959.84,310.83,954.65
22/05/2017,153.99,68.45,970.67,310.35,964.07
23/05/2017,153.8,68.68,971.54,303.86,970.55
24/05/2017,153.34,68.77,980.35,310.22,977.61
25/05/2017,153.87,69.62,993.38,316.83,991.86
26/05/2017,153.61,69.96,995.78,325.14,993.27
30/05/2017,153.67,70.41,996.7,335.1,996.17
31/05/2017,152.76,69.84,994.62,341.01,987.09
1/06/2017,153.18,70.1,995.95,340.37,988.29
2/06/2017,155.45,71.76,1006.73,339.85,996.12
5/06/2017,153.93,72.28,1011.34,347.32,1003.88
6/06/2017,154.45,72.52,1003,352.85,996.68
7/06/2017,155.37,72.39,1010.07,359.65,1001.59
8/06/2017,154.99,71.95,1010.27,370,1004.28
9/06/2017,148.98,70.32,978.31,357.32,970.12
12/06/2017,145.42,69.78,964.91,359.01,961.81
13/06/2017,146.59,70.65,980.79,375.95,970.5
14/06/2017,145.16,70.27,976.47,380.66,967.93
15/06/2017,144.29,69.9,964.17,375.34,960.18
16/06/2017,142.27,70,987.71,371.4,958.62
19/06/2017,146.34,70.87,995.17,369.8,975.22
20/06/2017,145.01,69.91,992.59,372.24,968.99
21/06/2017,145.87,70.27,1002.23,376.4,978.59
22/06/2017,145.63,70.26,1001.3,382.61,976.62
23/06/2017,146.28,71.21,1003.74,383.45,986.09
26/06/2017,145.82,70.53,993.98,377.49,972.09
27/06/2017,143.73,69.21,976.78,362.37,948.09
28/06/2017,145.83,69.8,990.33,371.24,961.01
29/06/2017,143.68,68.49,975.93,360.75,937.82
30/06/2017,144.02,68.93,968,361.61,929.68
3/07/2017,143.5,68.17,953.66,352.62,919.46
5/07/2017,144.09,69.08,971.4,327.09,932.26
6/07/2017,142.73,68.57,965.14,308.83,927.69
7/07/2017,144.18,69.46,978.76,313.22,940.81
10/07/2017,145.06,69.98,996.47,316.05,951
11/07/2017,145.53,69.99,994.13,327.22,953.53
12/07/2017,145.74,71.15,1006.51,329.52,967.66
13/07/2017,147.77,71.77,1000.63,323.41,968.85
14/07/2017,149.04,72.78,1001.81,327.78,976.91
17/07/2017,149.56,73.35,1010.04,319.57,975.96
18/07/2017,150.08,73.3,1024.45,328.24,986.95
19/07/2017,151.02,73.86,1026.87,325.26,992.77
20/07/2017,150.34,74.22,1028.7,329.92,992.19
21/07/2017,150.27,73.79,1025.67,328.4,993.84
24/07/2017,152.09,73.6,1038.95,342.52,998.31
25/07/2017,152.74,74.19,1039.87,339.6,969.03
26/07/2017,153.46,74.05,1052.8,343.85,965.31
27/07/2017,150.56,73.16,1046,334.46,952.51
28/07/2017,149.5,73.04,1020.04,335.07,958.33
31/07/2017,148.73,72.7,987.78,323.47,945.5
1/08/2017,150.05,72.58,996.19,319.57,946.56
2/08/2017,157.14,72.26,995.89,325.89,947.64
3/08/2017,155.57,72.15,986.92,347.09,940.3
4/08/2017,156.39,72.68,987.58,356.91,945.79
7/08/2017,158.81,72.4,992.27,355.17,945.75
8/08/2017,160.08,72.79,989.84,365.22,944.19
9/08/2017,161.06,72.47,982.01,363.53,940.08
10/08/2017,155.32,71.41,956.92,355.4,923.59
11/08/2017,157.48,72.5,967.99,357.87,930.09
14/08/2017,159.85,73.59,983.3,363.8,938.93
15/08/2017,161.6,73.22,982.74,362.33,938.08
16/08/2017,160.95,73.65,978.18,362.91,944.27
17/08/2017,157.86,72.4,960.57,351.92,927.66
18/08/2017,157.5,72.49,958.47,347.46,926.18
21/08/2017,157.21,72.15,953.29,337.86,920.87
22/08/2017,159.78,73.16,966.9,341.35,940.4
23/08/2017,159.98,72.72,958,352.77,942.58
24/08/2017,159.27,72.69,952.45,352.93,936.89
25/08/2017,159.86,72.82,945.26,348.05,930.5
28/08/2017,161.47,72.83,946.02,345.66,928.13
29/08/2017,162.91,73.05,954.06,347.36,935.75
30/08/2017,163.35,74.01,967.59,353.18,943.63
31/08/2017,164,74.77,980.6,355.9,955.24
1/09/2017,164.05,73.94,978.25,355.4,951.99
5/09/2017,162.08,73.61,965.27,349.59,941.48
6/09/2017,161.91,73.4,967.8,344.53,942.02
7/09/2017,161.26,74.34,979.47,350.61,949.89
8/09/2017,158.63,73.98,965.9,343.4,941.41
11/09/2017,161.5,74.76,977.96,363.69,943.29
12/09/2017,160.86,74.68,982.58,362.75,946.65
13/09/2017,159.65,75.21,999.6,366.23,950.44
14/09/2017,158.28,74.77,992.21,377.64,940.13
15/09/2017,159.88,75.31,986.79,379.81,935.29
18/09/2017,158.67,75.16,974.19,385,929.75
19/09/2017,158.73,75.44,969.86,375.1,936.86
20/09/2017,156.07,74.94,973.21,373.91,947.54
21/09/2017,153.39,74.21,964.65,366.48,947.55
22/09/2017,151.89,74.41,955.1,351.09,943.26
25/09/2017,150.55,73.26,939.79,344.99,934.28
26/09/2017,153.14,73.26,938.6,345.25,937.43
27/09/2017,154.23,73.85,950.87,340.97,959.9
28/09/2017,153.28,73.87,956.4,339.6,964.81
29/09/2017,154.12,74.49,961.35,341.1,973.72
2/10/2017,153.81,74.61,959.19,341.53,967.47
3/10/2017,154.48,74.26,957.1,348.14,972.08
4/10/2017,153.48,74.69,965.45,355.01,966.78
5/10/2017,155.39,75.97,980.85,355.33,985.19
6/10/2017,155.3,76,989.58,356.88,993.64
9/10/2017,155.84,76.29,990.99,342.94,992.31
10/10/2017,155.9,76.29,987.2,355.59,987.8
11/10/2017,156.55,76.42,995,354.6,1005.65
12/10/2017,156,77.12,1000.93,355.68,1005.65
13/10/2017,156.99,77.49,1002.94,355.57,1007.87
16/10/2017,159.88,77.65,1006.34,350.6,1009.35
17/10/2017,160.47,77.59,1009.13,355.75,1011
18/10/2017,159.76,77.61,997,359.65,1012.74
19/10/2017,155.98,77.91,986.61,351.81,1001.84
20/10/2017,156.25,78.81,982.91,345.1,1005.07
23/10/2017,156.17,78.83,966.3,337.02,985.54
24/10/2017,157.1,78.86,975.9,337.34,988.49
25/10/2017,156.41,78.63,972.91,325.84,991.46
26/10/2017,157.41,78.76,972.43,326.17,991.42
27/10/2017,163.05,83.81,1100.95,320.87,1033.67
30/10/2017,166.72,83.89,1110.85,320.08,1033.13
31/10/2017,169.04,83.18,1105.28,331.53,1033.04
1/11/2017,166.89,83.18,1103.68,321.08,1042.595
2/11/2017,168.11,84.05,1094.22,299.26,1042.97
3/11/2017,172.5,84.14,1111.6,306.09,1049.99
6/11/2017,174.25,84.47,1120.66,302.78,1042.68
7/11/2017,174.81,84.27,1123.17,306.05,1052.39
8/11/2017,176.24,84.56,1132.88,304.39,1058.29
9/11/2017,175.88,84.09,1129.13,302.99,1047.72
10/11/2017,174.67,83.87,1125.35,302.99,1044.15
13/11/2017,173.97,83.93,1129.17,315.4,1041.2
14/11/2017,171.34,84.05,1136.84,308.7,1041.64
15/11/2017,169.08,82.98,1126.69,311.3,1036.41
16/11/2017,171.1,83.2,1137.29,312.5,1048.47
17/11/2017,170.15,82.4,1129.88,315.05,1035.89
20/11/2017,169.98,82.53,1126.31,308.74,1034.66
21/11/2017,173.14,83.72,1139.49,317.81,1050.3
22/11/2017,174.96,83.11,1156.16,312.6,1051.92
24/11/2017,174.97,83.26,1186,315.55,1056.52
27/11/2017,174.09,83.87,1195.83,316.81,1072.01
28/11/2017,173.07,84.88,1193.6,317.55,1063.29
29/11/2017,169.48,83.34,1161.27,307.54,1037.38
30/11/2017,171.85,84.17,1176.75,308.85,1036.17
1/12/2017,171.05,84.26,1162.35,306.53,1025.07
4/12/2017,169.8,81.08,1133.95,305.2,1011.87
5/12/2017,169.64,81.59,1141.57,303.7,1019.6
6/12/2017,169.01,82.78,1152.35,313.26,1032.72
7/12/2017,169.32,82.49,1159.79,311.24,1044.57
8/12/2017,169.37,84.16,1162,315.13,1049.38
11/12/2017,172.67,85.23,1168.92,328.91,1051.97
12/12/2017,171.7,85.58,1165.08,341.03,1048.77
13/12/2017,172.27,85.35,1164.13,339.03,1051.39
14/12/2017,172.22,84.69,1174.26,337.89,1057.47
15/12/2017,173.97,86.85,1179.14,343.45,1072
18/12/2017,176.42,86.38,1190.58,338.87,1085.09
19/12/2017,174.54,85.83,1187.38,331.1,1079.78
20/12/2017,174.35,85.52,1177.62,328.98,1073.56
21/12/2017,175.01,85.5,1174.76,331.66,1070.85
22/12/2017,175.01,85.51,1168.36,325.2,1068.86
26/12/2017,170.57,85.4,1176.76,317.29,1065.85
27/12/2017,170.6,85.71,1182.26,311.64,1060.2
28/12/2017,171.08,85.72,1186.1,315.36,1055.95
29/12/2017,169.23,85.54,1169.47,311.35,1053.4
2/01/2018,172.26,85.95,1189.01,320.53,1073.21
3/01/2018,172.23,86.35,1204.2,317.25,1091.52
4/01/2018,173.03,87.11,1209.59,314.62,1095.76
5/01/2018,175,88.19,1229.14,316.58,1110.29
8/01/2018,174.35,88.28,1246.87,336.41,1114.21
9/01/2018,174.33,88.22,1252.7,333.69,1112.79
10/01/2018,174.29,87.82,1254.33,334.8,1110.14
11/01/2018,175.28,88.08,1276.68,337.95,1112.05
12/01/2018,177.09,89.6,1305.2,336.22,1130.65
16/01/2018,176.19,88.35,1304.86,340.06,1130.7
17/01/2018,179.1,90.14,1295,347.16,1139.1
18/01/2018,179.26,90.1,1293.32,344.57,1135.97
19/01/2018,178.46,90,1294.58,350.02,1143.5
22/01/2018,177,91.61,1327.31,351.56,1164.16
23/01/2018,177.04,91.9,1362.54,352.79,1176.17
24/01/2018,174.22,91.82,1357.51,345.89,1171.29
25/01/2018,171.11,92.33,1377.95,337.64,1182.14
26/01/2018,171.51,94.06,1402.05,342.85,1187.56
29/01/2018,167.96,93.92,1417.68,349.53,1186.48
30/01/2018,166.97,92.74,1437.82,345.82,1177.37
31/01/2018,167.43,95.01,1450.89,354.31,1182.22
1/02/2018,167.78,94.26,1390,349.25,1181.59
2/02/2018,160.5,91.78,1429.95,343.75,1119.2
5/02/2018,156.49,88,1390,333.13,1062.39
6/02/2018,163.03,91.33,1442.84,333.97,1084.43
7/02/2018,159.54,89.61,1416.78,345,1055.41
8/02/2018,155.15,85.01,1350.5,315.23,1007.71
9/02/2018,156.41,88.18,1339.6,310.42,1046.27
12/02/2018,162.71,89.13,1386.23,315.73,1054.56
13/02/2018,164.34,89.83,1414.51,323.66,1054.14
14/02/2018,167.37,90.81,1451.05,322.31,1072.7
15/02/2018,172.99,92.66,1461.76,334.065,1091.36
16/02/2018,172.43,92,1448.69,335.49,1095.5
20/02/2018,171.85,92.72,1468.35,334.77,1103.59
21/02/2018,171.07,91.49,1482.92,333.3,1113.75
22/02/2018,172.5,91.73,1485.34,346.17,1109.9
23/02/2018,175.5,94.06,1500,352.05,1128.09
26/02/2018,178.97,95.42,1521.95,357.42,1143.7
27/02/2018,178.39,94.2,1511.98,350.99,1117.51
28/02/2018,178.12,93.77,1512.45,343.06,1103.92
1/03/2018,175,92.85,1493.45,330.93,1071.41
2/03/2018,176.21,93.05,1500.25,335.12,1084.14
5/03/2018,176.82,93.64,1523.61,333.35,1094.76
6/03/2018,176.67,93.32,1537.64,328.2,1100.9
7/03/2018,175.03,93.86,1545,332.3,1115.04
8/03/2018,176.94,94.43,1551.86,329.1,1129.38
9/03/2018,179.98,96.54,1578.89,327.17,1160.84
12/03/2018,181.72,96.77,1598.39,345.51,1165.93
13/03/2018,179.97,94.41,1588.18,341.84,1139.91
14/03/2018,178.44,93.85,1591,326.63,1148.89
15/03/2018,178.65,94.18,1582.32,325.6,1150.61
16/03/2018,178.02,94.6,1571.68,321.35,1134.42
19/03/2018,175.3,92.89,1544.93,313.56,1100.07
20/03/2018,175.24,93.13,1586.51,310.55,1095.8
21/03/2018,171.27,92.48,1581.86,316.53,1094
22/03/2018,168.85,89.79,1544.92,309.1,1053.15
23/03/2018,164.94,87.18,1495.56,301.54,1026.55
26/03/2018,172.77,93.78,1555.86,304.18,1054.09
27/03/2018,168.34,89.47,1497.05,279.18,1006.94
28/03/2018,166.48,89.39,1431.42,257.78,1005.18
29/03/2018,167.78,91.27,1447.34,266.13,1037.14
2/04/2018,166.68,88.52,1371.99,252.48,1012.63
3/04/2018,168.39,89.71,1392.05,267.53,1018.68
4/04/2018,171.61,92.33,1410.57,286.94,1029.71
5/04/2018,172.8,92.38,1451.75,305.72,1032.64
6/04/2018,168.38,90.23,1405.23,299.3,1009.95
9/04/2018,170.05,90.77,1406.08,289.66,1020.09
10/04/2018,173.25,92.88,1436.22,304.7,1036.5
11/04/2018,172.44,91.86,1427.05,300.93,1025.06
12/04/2018,174.14,93.58,1448.5,294.08,1037.29
13/04/2018,174.73,93.08,1430.79,300.34,1036.04
16/04/2018,175.82,94.17,1441.5,291.21,1046.1
17/04/2018,178.24,96.07,1503.83,287.69,1079.36
18/04/2018,177.84,96.44,1527.84,293.35,1075.39
19/04/2018,172.8,96.11,1556.91,300.08,1089.45
20/04/2018,165.72,95,1527.49,290.24,1077.32
23/04/2018,165.24,95.35,1517.86,283.37,1073.81
24/04/2018,162.94,93.12,1460.09,283.46,1022.64
25/04/2018,163.65,92.31,1460.17,280.69,1022.99
26/04/2018,164.22,94.26,1517.96,285.48,1043.31
27/04/2018,162.32,95.82,1572.62,294.075,1031.45
30/04/2018,165.26,93.52,1566.13,293.9,1018.58
1/05/2018,169.1,95,1582.26,299.92,1040.75
2/05/2018,176.57,93.51,1569.68,301.15,1026.05
3/05/2018,176.89,94.07,1572.075,284.45,1026.3
4/05/2018,183.83,95.16,1580.95,294.09,1051
7/05/2018,185.16,96.22,1600.14,302.77,1059.46
8/05/2018,186.05,95.81,1592.39,301.97,1058.59
9/05/2018,187.36,96.94,1608,306.85,1088.95
10/05/2018,190.04,97.91,1609.08,305.02,1105.47
11/05/2018,188.59,97.7,1602.91,301.06,1103.38
14/05/2018,188.15,98.03,1601.54,291.97,1106.6
15/05/2018,186.44,97.32,1576.12,284.18,1084.87
16/05/2018,188.18,97.15,1587.28,286.48,1084.09
17/05/2018,186.99,96.18,1581.76,284.54,1081.26
18/05/2018,186.31,96.36,1574.37,276.82,1069.64
21/05/2018,187.63,97.6,1585.46,284.49,1084.01
22/05/2018,187.16,97.5,1581.4,275.01,1075.31
23/05/2018,188.36,98.66,1601.86,279.07,1085.96
24/05/2018,188.15,98.31,1603.07,277.85,1085.45
25/05/2018,188.58,98.36,1610.15,278.85,1084.08
29/05/2018,187.9,98.01,1612.87,283.76,1068.07
30/05/2018,187.5,98.95,1624.89,291.72,1077.47
31/05/2018,186.87,98.84,1629.62,284.73,1100
1/06/2018,190.24,100.79,1641.54,291.82,1135
4/06/2018,191.83,101.67,1665.27,296.74,1153.04
5/06/2018,193.31,102.19,1696.35,291.13,1151.02
6/06/2018,193.98,102.49,1695.75,319.5,1146.95
7/06/2018,193.46,100.88,1689.3,316.09,1134.42
8/06/2018,191.7,101.63,1683.99,317.66,1132.71
11/06/2018,191.23,101.05,1689.12,332.1,1140.9
12/06/2018,192.28,101.31,1698.75,342.77,1148.19
13/06/2018,190.7,100.85,1704.86,344.78,1144.23
14/06/2018,190.8,101.42,1723.86,357.72,1160.11
15/06/2018,188.84,100.13,1715.97,358.17,1159.27
18/06/2018,188.74,100.86,1723.79,370.83,1183.58
19/06/2018,185.69,100.86,1734.78,352.55,1178.69
20/06/2018,186.5,101.87,1750.08,362.22,1184.07
21/06/2018,185.46,101.14,1730.22,347.51,1169.44
22/06/2018,184.92,100.41,1715.67,333.63,1169.29
25/06/2018,182.17,98.39,1663.15,333.01,1139.28
26/06/2018,184.43,99.08,1691.09,342,1132.62
27/06/2018,184.16,97.54,1660.51,344.5,1116.94
28/06/2018,185.5,98.63,1701.45,349.93,1126.78
29/06/2018,185.11,98.61,1699.8,342.95,1129.19
2/07/2018,187.18,100.01,1713.78,335.07,1142.11
3/07/2018,183.92,99.05,1693.96,310.86,1116.28
5/07/2018,185.4,99.76,1699.73,309.16,1141.29
6/07/2018,187.97,101.16,1710.63,308.9,1155.08
9/07/2018,190.58,101.85,1739.02,318.51,1167.28
10/07/2018,190.35,102.12,1743.07,322.47,1167.14
11/07/2018,187.88,101.98,1755,318.96,1171.46
12/07/2018,191.03,104.19,1796.62,316.71,1201.26
13/07/2018,191.33,105.43,1813.03,318.87,1204.42
16/07/2018,190.91,104.91,1822.49,310.1,1196.51
17/07/2018,191.45,105.95,1843.93,322.69,1213.08
18/07/2018,190.4,105.12,1842.92,323.85,1212.91
19/07/2018,191.88,104.4,1812.97,320.23,1199.1
20/07/2018,191.44,106.27,1813.7,313.58,1197.88
23/07/2018,191.61,107.97,1802,303.2,1211
24/07/2018,193,107.66,1829.24,297.43,1258.15
25/07/2018,194.82,110.83,1863.61,308.74,1275.94
26/07/2018,194.21,109.62,1808,306.65,1285.5
27/07/2018,190.98,107.68,1817.27,297.18,1252.89
30/07/2018,189.91,105.37,1779.22,290.17,1230.04
31/07/2018,190.29,106.08,1777.44,298.14,1227.22
1/08/2018,201.5,106.28,1797.17,300.84,1232.99
2/08/2018,207.39,107.57,1834.33,349.54,1241.13
3/08/2018,207.99,108.04,1823.29,348.17,1238.16
6/08/2018,209.07,108.13,1847.75,341.99,1237.67
7/08/2018,207.11,108.88,1862.48,379.57,1255.84
8/08/2018,207.25,109.49,1886.52,370.34,1261.33
9/08/2018,208.88,109.67,1898.52,352.45,1264.46
10/08/2018,207.53,109,1886.3,355.49,1252.51
13/08/2018,208.87,108.21,1896.2,356.41,1248.64
14/08/2018,209.75,109.56,1919.65,347.64,1258.14
15/08/2018,210.24,107.66,1882.62,338.69,1232.22
16/08/2018,213.32,107.64,1886.52,335.45,1224.06
17/08/2018,217.58,107.58,1882.22,305.5,1215.85
20/08/2018,215.46,106.87,1876.71,308.44,1221.95
21/08/2018,215.04,105.98,1883.42,321.9,1217.41
22/08/2018,215.05,107.06,1904.9,321.64,1221.75
23/08/2018,215.49,107.56,1902.9,320.1,1221.16
24/08/2018,216.16,108.4,1905.39,322.82,1236.75
27/08/2018,217.94,109.6,1927.68,319.27,1256.27
28/08/2018,219.7,110.26,1932.82,311.86,1245.86
29/08/2018,222.98,112.02,1998.1,305.01,1264.65
30/08/2018,225.03,111.95,2002.38,303.15,1254.44
31/08/2018,227.63,112.33,2012.71,301.66,1231.8
4/09/2018,228.36,111.71,2039.51,288.95,1211.31
5/09/2018,226.87,108.49,1994.82,280.74,1199.1
6/09/2018,223.1,108.74,1958.31,280.95,1183.99
7/09/2018,221.3,108.21,1952.07,263.24,1177.59
10/09/2018,218.33,109.38,1939.01,285.5,1175.06
11/09/2018,223.85,111.24,1987.15,279.44,1189.99
12/09/2018,221.07,111.71,1990,290.54,1171.6
13/09/2018,226.41,112.91,1989.87,289.46,1182.14
14/09/2018,223.84,113.37,1970.19,295.2,1177.98
17/09/2018,217.88,112.14,1908.03,294.84,1159.83
18/09/2018,218.24,113.21,1941.05,284.96,1167.11
19/09/2018,218.37,111.7,1926.42,299.02,1174.27
20/09/2018,220.03,113.57,1944.3,298.33,1191.57
21/09/2018,217.66,114.26,1915.01,299.1,1172.12
24/09/2018,220.79,114.67,1934.36,299.68,1179.56
25/09/2018,222.19,114.45,1974.55,300.99,1193.89
26/09/2018,220.42,113.98,1974.85,309.58,1194.06
27/09/2018,224.95,114.41,2012.98,307.52,1207.36
28/09/2018,225.74,114.37,2003,264.77,1207.08
1/10/2018,227.26,115.61,2004.36,310.7,1208.53
2/10/2018,229.28,115.15,1971.31,301.02,1207.64
3/10/2018,232.07,115.17,1952.76,294.8,1211.53
4/10/2018,227.99,112.79,1909.42,281.83,1177.07
5/10/2018,224.29,112.13,1889.65,261.95,1167.83
8/10/2018,223.77,110.85,1864.42,250.56,1155.92
9/10/2018,226.87,112.26,1870.32,262.8,1145.17
10/10/2018,216.36,106.16,1755.25,256.88,1092.16
11/10/2018,214.45,105.91,1719.36,252.23,1090.74
12/10/2018,222.11,109.57,1788.61,258.78,1120.54
15/10/2018,217.36,107.6,1760.95,259.59,1102.44
16/10/2018,222.15,111,1819.96,276.59,1133.08
17/10/2018,221.19,110.71,1831.73,271.78,1127.59
18/10/2018,216.02,108.5,1770.72,263.91,1097.91
19/10/2018,219.31,108.66,1764.03,260,1105.18
22/10/2018,220.65,109.63,1789.3,260.95,1111.37
23/10/2018,222.73,108.1,1768.7,294.14,1114.91
24/10/2018,215.09,102.32,1664.2,288.5,1057.12
25/10/2018,219.8,108.3,1782.17,314.86,1103.59
26/10/2018,216.3,106.96,1642.81,330.9,1083.75
29/10/2018,212.24,103.85,1538.88,334.85,1034.73
30/10/2018,213.3,103.73,1530.42,329.9,1049.51
31/10/2018,218.86,106.81,1598.01,337.32,1090.58
1/11/2018,222.22,105.92,1665.53,344.28,1085.98
2/11/2018,207.48,106.16,1665.53,346.41,1071.49
5/11/2018,201.59,107.51,1627.8,341.4,1055.73
6/11/2018,203.77,107.72,1642.81,341.06,1069.57
7/11/2018,209.95,111.96,1755.49,348.16,1108.24
8/11/2018,208.49,111.75,1754.91,351.4,1094.63
9/11/2018,204.47,109.57,1712.43,350.51,1077.02
12/11/2018,194.17,106.87,1636.85,331.28,1049.36
13/11/2018,192.23,106.94,1631.17,338.73,1047.97
14/11/2018,186.8,104.97,1599.01,344,1054.58
15/11/2018,191.41,107.28,1619.44,348.44,1071.05
16/11/2018,193.53,108.29,1593.41,354.31,1068.27
19/11/2018,185.86,104.62,1512.29,353.47,1027.42
20/11/2018,176.98,101.71,1495.46,347.49,1030.45
21/11/2018,176.78,103.11,1516.73,338.19,1043.43
23/11/2018,172.29,103.07,1502.06,325.83,1030.1
26/11/2018,174.62,106.47,1581.33,346,1055.94
27/11/2018,174.24,107.14,1581.42,343.92,1052.28
28/11/2018,180.94,111.12,1677.75,347.87,1091.79
29/11/2018,179.55,110.19,1673.57,341.17,1094.58
30/11/2018,178.58,110.89,1690.17,350.48,1109.65
3/12/2018,184.82,112.09,1772.36,358.49,1116.36
4/12/2018,176.69,108.52,1668.4,359.7,1062.47
6/12/2018,174.72,109.19,1699.19,363.06,1078.08
7/12/2018,168.49,104.82,1629.13,357.965,1046.58
10/12/2018,169.6,107.59,1641.03,365.15,1053.18
11/12/2018,168.63,108.59,1643.24,366.76,1061.65
12/12/2018,169.1,109.08,1663.54,366.6,1073.73
13/12/2018,170.95,109.45,1658.38,376.79,1073.54
14/12/2018,165.48,106.03,1591.91,365.71,1051.71
17/12/2018,163.94,102.89,1520.91,348.42,1025.65
18/12/2018,166.07,103.97,1551.48,337.03,1043.41
19/12/2018,160.89,103.69,1495.08,332.97,1035.46
20/12/2018,156.83,101.51,1460.83,315.38,1023.58
21/12/2018,150.73,98.23,1377.45,319.77,991.25
24/12/2018,146.83,94.13,1343.96,295.39,984.67
26/12/2018,157.17,100.56,1470.9,326.09,1047.85
27/12/2018,156.15,101.18,1461.64,316.13,1052.9
28/12/2018,156.23,100.39,1478.02,333.87,1046.68
31/12/2018,157.74,101.57,1501.97,332.8,1044.96
2/01/2019,157.92,101.12,1539.13,310.12,1054.68
3/01/2019,142.19,97.4,1500.28,300.36,1025.47
4/01/2019,148.26,101.93,1575.39,317.69,1078.07
7/01/2019,147.93,102.06,1629.51,334.96,1075.92
8/01/2019,150.75,102.8,1656.58,335.35,1085.37
9/01/2019,153.31,104.27,1659.42,338.53,1081.65
10/01/2019,153.8,103.6,1656.22,344.97,1078.83
11/01/2019,152.29,102.8,1640.56,347.26,1064.47
14/01/2019,150,102.05,1617.21,334.4,1051.51
15/01/2019,153.07,105.01,1674.56,344.43,1086.51
16/01/2019,154.94,105.38,1683.78,346.05,1089.51
17/01/2019,155.86,106.12,1693.22,347.31,1099.12
18/01/2019,156.82,107.71,1696.2,302.26,1107.3
22/01/2019,153.3,105.68,1632.17,298.92,1078.63
23/01/2019,153.92,106.71,1640.02,287.59,1084.41
24/01/2019,152.7,106.2,1654.93,291.51,1084
25/01/2019,157.76,107.17,1670.57,297.04,1101.51
28/01/2019,156.3,105.08,1637.89,296.38,1079.86
29/01/2019,154.68,102.94,1593.88,297.46,1070.06
30/01/2019,165.25,106.38,1670.43,308.77,1097.99
31/01/2019,166.44,104.43,1718.73,307.02,1125.89
1/02/2019,166.52,102.78,1626.23,312.21,1118.62
4/02/2019,171.25,105.74,1633.31,312.89,1141.42
5/02/2019,174.18,107.22,1658.81,321.35,1151.87
6/02/2019,174.24,106.03,1640.26,317.22,1122.89
7/02/2019,170.94,105.27,1614.37,307.51,1105.91
8/02/2019,170.41,105.67,1588.22,305.8,1102.38
11/02/2019,169.43,105.25,1591,312.84,1102.12
12/02/2019,170.89,106.89,1638.01,311.81,1127.58
13/02/2019,170.18,106.81,1640,308.17,1128.63
14/02/2019,170.8,106.9,1622.65,303.77,1129.2
15/02/2019,170.42,108.22,1607.95,307.88,1119.63
19/02/2019,170.93,108.17,1627.58,305.64,1126.51
20/02/2019,172.03,107.15,1622.1,302.56,1120.59
21/02/2019,171.06,109.41,1619.44,291.23,1104.21
22/02/2019,172.97,110.97,1631.56,294.71,1116.56
25/02/2019,174.23,111.59,1633,298.77,1117.33
26/02/2019,174.33,112.36,1636.4,297.86,1122.01
27/02/2019,174.87,112.17,1641.09,314.74,1122.89
28/02/2019,173.15,112.03,1639.83,319.88,1126.55
1/03/2019,174.97,112.53,1671.73,294.79,1148.52
4/03/2019,175.85,112.26,1696.17,285.36,1153.42
5/03/2019,175.53,111.7,1692.43,276.54,1169.19
6/03/2019,174.52,111.75,1668.95,276.24,1164.94
7/03/2019,172.5,110.39,1625.95,276.59,1150.85
8/03/2019,172.91,110.51,1620.8,284.14,1149.97
11/03/2019,178.9,112.83,1670.62,290.92,1179.26
12/03/2019,180.91,113.62,1673.1,283.36,1197.25
13/03/2019,181.71,114.5,1690.81,288.96,1199.06
14/03/2019,183.73,114.59,1686.22,289.96,1192.53
15/03/2019,186.12,115.91,1712.36,275.43,1190.3
18/03/2019,188.02,117.57,1742.15,269.49,1188.55
19/03/2019,186.53,117.65,1761.85,267.47,1202.46
20/03/2019,188.16,117.52,1797.27,273.6,1226.43
21/03/2019,195.09,120.22,1819.26,274.02,1236.13
22/03/2019,191.05,117.05,1764.77,264.53,1207.65
25/03/2019,188.74,117.66,1774.26,260.42,1197.38
26/03/2019,186.79,117.91,1783.76,267.77,1189.84
27/03/2019,188.47,116.77,1765.7,274.83,1178.01
28/03/2019,188.72,116.93,1773.42,278.62,1172.27
29/03/2019,189.95,117.94,1780.75,279.86,1176.89
1/04/2019,191.24,119.02,1814.19,289.18,1198.98
2/04/2019,194.02,119.19,1813.98,285.88,1205.54
3/04/2019,195.35,119.97,1820.7,291.81,1210.81
4/04/2019,195.69,119.36,1818.86,267.78,1219.45
5/04/2019,197,119.89,1837.28,274.96,1211.45
8/04/2019,200.1,119.93,1849.86,273.2,1208.28
9/04/2019,199.5,119.28,1835.84,272.31,1202.69
10/04/2019,200.62,120.19,1847.33,276.06,1206.45
11/04/2019,198.95,120.33,1844.07,268.42,1209.59
12/04/2019,198.87,120.95,1843.06,267.7,1222.73
15/04/2019,199.23,121.05,1844.87,266.38,1226.53
16/04/2019,199.25,120.77,1863.04,273.36,1231.91
17/04/2019,203.13,121.77,1864.82,271.23,1240.14
18/04/2019,203.86,123.37,1861.69,273.26,1241.47
22/04/2019,204.53,123.76,1887.31,262.75,1253.76
23/04/2019,207.48,125.44,1923.77,263.9,1270.59
24/04/2019,207.16,125.01,1901.75,258.66,1260.05
25/04/2019,205.28,129.15,1902.25,247.63,1267.34
26/04/2019,204.3,129.89,1950.63,235.14,1277.42
29/04/2019,204.61,129.77,1938.43,241.47,1296.2
30/04/2019,200.67,130.6,1926.52,238.69,1198.96
1/05/2019,210.52,127.88,1911.52,234.01,1173.32
2/05/2019,209.15,126.21,1900.82,244.1,1166.51
3/05/2019,211.75,128.9,1962.46,255.03,1189.55
6/05/2019,208.48,128.15,1950.55,255.34,1193.46
7/05/2019,202.86,125.52,1921,247.06,1178.86
8/05/2019,202.9,125.51,1917.77,244.84,1170.78
9/05/2019,200.72,125.5,1899.87,241.98,1167.97
10/05/2019,197.18,127.13,1889.98,239.52,1167.64
13/05/2019,185.72,123.35,1822.68,227.01,1136.59
14/05/2019,188.66,124.73,1840.12,232.31,1124.86
15/05/2019,190.92,126.02,1871.15,231.95,1170.8
16/05/2019,190.08,128.93,1907.57,228.33,1184.5
17/05/2019,189,128.07,1869,211.03,1168.78
20/05/2019,183.09,126.22,1858.97,205.36,1144.66
21/05/2019,186.6,126.9,1857.52,205.08,1154.44
22/05/2019,182.78,127.67,1859.68,192.73,1155.85
23/05/2019,179.66,126.18,1815.48,195.49,1145.34
24/05/2019,178.97,126.24,1823.28,190.63,1138.61
28/05/2019,178.23,126.16,1836.43,188.7,1139.56
29/05/2019,177.38,124.94,1819.19,189.86,1119.94
30/05/2019,178.3,125.73,1816.32,188.22,1121.41
31/05/2019,175.07,123.68,1775.07,185.16,1106.5
3/06/2019,173.3,119.84,1692.69,178.97,1038.74
4/06/2019,179.64,123.16,1729.56,193.6,1054.49
5/06/2019,182.54,125.83,1738.5,196.59,1044.64
6/06/2019,185.22,127.82,1754.36,205.95,1047.76
7/06/2019,190.15,131.4,1804.03,204.5,1068.37
10/06/2019,192.58,132.6,1860.63,212.88,1082.76
11/06/2019,194.81,132.1,1863.7,217.1,1081.04
12/06/2019,194.19,131.49,1855.32,209.26,1079.1
13/06/2019,194.15,132.32,1870.3,213.91,1091.01
14/06/2019,192.74,132.45,1869.67,214.92,1086.3
17/06/2019,193.89,132.85,1886.03,225.03,1093.89
18/06/2019,198.45,135.16,1901.37,224.74,1105.24
19/06/2019,197.87,135.69,1908.79,226.43,1104.51
20/06/2019,199.46,136.95,1918.19,219.62,1113.2
21/06/2019,198.78,136.97,1911.3,221.86,1125.37
24/06/2019,198.58,137.78,1913.9,223.64,1116.7
25/06/2019,195.57,133.43,1878.27,219.76,1087.58
26/06/2019,199.8,133.93,1897.83,219.27,1080.32
27/06/2019,199.74,134.15,1904.28,222.84,1076.63
28/06/2019,197.92,133.96,1893.63,223.46,1082.8
1/07/2019,201.55,135.68,1922.19,227.17,1100
2/07/2019,202.73,136.58,1934.31,224.55,1112.6
3/07/2019,204.41,137.46,1939,234.9,1122.99
5/07/2019,204.23,137.06,1942.91,233.1,1132.665
8/07/2019,200.02,136.96,1952.32,230.34,1116.79
9/07/2019,201.24,136.46,1988.3,230.06,1124.29
10/07/2019,203.23,137.85,2017.41,238.92,1140.91
11/07/2019,201.75,138.4,2001.07,238.6,1144.08
12/07/2019,203.3,138.9,2011,245.08,1145.34
15/07/2019,205.21,138.9,2020.99,253.5,1150.51
16/07/2019,204.5,137.08,2009.9,252.38,1153.46
17/07/2019,203.35,136.27,1992.03,254.86,1146.74
18/07/2019,205.66,136.42,1977.9,253.54,1147.24
19/07/2019,202.59,136.62,1964.52,258.18,1131.55
22/07/2019,207.22,138.43,1985.63,255.68,1139.21
23/07/2019,208.84,139.29,1994.49,260.17,1148.05
24/07/2019,208.67,140.72,2000.81,264.88,1139.73
25/07/2019,207.02,140.19,1973.82,228.82,1135.94
26/07/2019,207.74,141.34,1943.05,228.04,1245.22
29/07/2019,209.68,141.03,1912.45,235.77,1241.84
30/07/2019,208.78,140.35,1898.53,242.26,1228
31/07/2019,213.04,136.27,1866.78,241.61,1218.2
1/08/2019,208.43,138.06,1855.32,233.85,1211.78
2/08/2019,204.02,136.9,1823.24,234.34,1196.32
5/08/2019,193.34,132.21,1765.13,228.32,1154.75
6/08/2019,197,134.69,1787.83,230.75,1171.08
7/08/2019,199.04,135.28,1793.4,233.42,1175.91
8/08/2019,203.43,138.89,1832.89,238.3,1206.19
9/08/2019,200.99,137.71,1807.58,235.01,1188.9
12/08/2019,200.48,135.79,1784.92,229.01,1174.5
13/08/2019,208.97,138.6,1824.34,235,1196.73
14/08/2019,202.75,133.98,1762.96,219.62,1164.25
15/08/2019,201.74,133.68,1776.12,215.64,1169.32
16/08/2019,206.5,136.13,1792.57,219.94,1179.21
19/08/2019,210.35,138.41,1816.12,226.83,1200.44
20/08/2019,210.36,137.26,1801.38,225.86,1183.53
21/08/2019,212.64,138.79,1823.54,220.83,1191.58
22/08/2019,212.46,137.78,1805.6,222.15,1191.52
23/08/2019,202.64,133.39,1749.62,211.4,1153.58
26/08/2019,206.49,135.45,1768.87,215,1171.18
27/08/2019,204.16,135.74,1761.83,214.08,1170.82
28/08/2019,205.53,135.56,1764.25,215.59,1173.75
29/08/2019,209.01,138.12,1786.4,221.71,1194.24
30/08/2019,208.74,137.86,1776.29,225.61,1190.53
3/09/2019,205.7,136.04,1789.84,225.01,1169.55
4/09/2019,209.19,137.63,1800.62,220.68,1182.27
5/09/2019,213.28,140.05,1840.72,229.58,1212.19
6/09/2019,213.26,139.1,1833.51,227.45,1206.32
9/09/2019,214.17,137.52,1831.35,231.79,1205.27
10/09/2019,216.7,136.08,1820.55,235.54,1205.7
11/09/2019,223.59,136.12,1822.99,247.1,1220
12/09/2019,223.085,137.52,1843.55,245.87,1234.97
13/09/2019,218.75,137.32,1839.34,245.2,1240.03
16/09/2019,219.9,136.33,1807.84,242.81,1231.63
17/09/2019,220.7,137.39,1822.55,244.79,1229.88
18/09/2019,222.77,138.52,1817.46,243.49,1232.65
19/09/2019,220.96,141.07,1821.5,246.6,1238.75
20/09/2019,217.73,139.44,1794.16,240.62,1229.84
23/09/2019,218.72,139.14,1785.3,241.23,1234.69
24/09/2019,217.68,137.38,1741.61,223.21,1218.33
25/09/2019,221.03,139.36,1768.33,228.7,1245.94
26/09/2019,219.89,139.54,1739.84,242.56,1242.29
27/09/2019,218.82,137.73,1725.45,242.13,1225.95
30/09/2019,223.97,139.03,1735.91,240.87,1221.14
1/10/2019,224.59,137.07,1735.65,244.69,1206
2/10/2019,218.96,134.65,1713.23,243.13,1177.92
3/10/2019,220.82,136.28,1724.42,233.03,1189.43
4/10/2019,227.01,138.12,1739.65,231.43,1210.96
7/10/2019,227.06,137.12,1732.66,237.72,1208.25
8/10/2019,224.4,135.67,1705.51,240.05,1190.13
9/10/2019,227.03,138.24,1721.99,244.53,1202.4
10/10/2019,230.09,139.1,1720.26,244.74,1209.47
11/10/2019,236.21,139.68,1731.92,247.89,1215.71
14/10/2019,235.87,139.55,1736.43,256.96,1217.77
15/10/2019,235.32,141.575,1767.38,257.89,1242.24
16/10/2019,234.37,140.41,1777.43,259.75,1243
17/10/2019,235.28,139.69,1787.48,261.97,1252.8
18/10/2019,236.41,137.41,1757.51,256.95,1244.41
21/10/2019,240.51,138.43,1785.66,253.5,1244.28
22/10/2019,239.96,136.37,1765.73,255.58,1241.2
23/10/2019,243.18,137.24,1762.17,254.68,1257.63
24/10/2019,243.58,139.94,1780.78,299.68,1259.11
25/10/2019,246.58,140.73,1761.33,328.13,1264.3
28/10/2019,249.05,144.19,1777.08,327.71,1288.98
29/10/2019,243.29,142.83,1762.71,316.22,1260.66
30/10/2019,243.26,144.61,1779.99,315.01,1260.7
31/10/2019,248.76,143.37,1776.66,314.92,1258.8
1/11/2019,255.82,143.72,1791.44,313.31,1272.25
4/11/2019,257.5,144.55,1804.66,317.47,1289.61
5/11/2019,257.13,144.46,1801.71,317.22,1291.44
6/11/2019,257.24,144.06,1795.77,326.58,1291.01
7/11/2019,259.43,144.26,1788.2,335.54,1306.94
8/11/2019,260.14,145.96,1785.88,337.14,1309
11/11/2019,262.2,146.11,1771.65,345.09,1298.28
12/11/2019,261.96,147.07,1778,349.93,1297.21
13/11/2019,264.47,147.31,1753.11,346.11,1296.18
14/11/2019,262.64,148.06,1754.6,349.35,1309.15
15/11/2019,265.76,149.97,1739.49,352.17,1333.54
18/11/2019,267.1,150.34,1752.53,349.99,1319.84
19/11/2019,266.29,150.39,1752.79,359.52,1312.59
20/11/2019,263.19,149.62,1745.53,352.22,1301.86
21/11/2019,262.01,149.48,1734.71,354.83,1300.14
22/11/2019,261.78,149.59,1745.72,333.04,1293.67
25/11/2019,266.37,151.23,1773.84,336.34,1305.64
26/11/2019,264.29,152.03,1796.94,328.92,1313
27/11/2019,267.84,152.32,1818.51,331.29,1312.13
29/11/2019,267.25,151.38,1800.8,329.94,1304.09
2/12/2019,264.16,149.55,1781.6,334.87,1288.86
3/12/2019,259.45,149.31,1769.96,336.2,1294.74
4/12/2019,261.74,149.85,1760.69,333.03,1318.94
5/12/2019,265.58,149.93,1740.48,330.37,1326.96
6/12/2019,270.71,151.75,1751.6,335.89,1339.39
9/12/2019,266.92,151.36,1749.51,339.53,1342.99
10/12/2019,268.48,151.13,1739.21,348.84,1342.89
11/12/2019,270.77,151.7,1748.72,352.7,1344.25
12/12/2019,271.46,153.24,1760.33,359.68,1348.49
13/12/2019,275.15,154.53,1760.94,358.39,1346.87
16/12/2019,279.86,155.53,1769.21,381.5,1360.7
17/12/2019,280.41,154.69,1790.66,378.99,1354.89
18/12/2019,279.74,154.37,1784.03,393.15,1351.91
19/12/2019,280.02,155.71,1792.28,404.04,1356.44
20/12/2019,279.44,157.41,1786.5,405.59,1351.22
23/12/2019,284,157.41,1793,419.22,1350.63
24/12/2019,284.27,157.38,1789.21,425.25,1344.43
26/12/2019,289.91,158.67,1868.77,430.94,1362.47
27/12/2019,289.8,158.96,1869.8,430.38,1354.64
30/12/2019,291.52,157.59,1846.89,414.7,1339.71
31/12/2019,293.65,157.7,1847.84,418.33,1339.39
2/01/2020,300.35,160.62,1898.01,430.26,1368.68
3/01/2020,297.43,158.62,1874.97,443.01,1361.52
6/01/2020,299.8,159.03,1902.88,451.54,1397.81
7/01/2020,298.39,157.58,1906.86,469.06,1395.11
8/01/2020,303.19,160.09,1891.97,492.14,1405.04
9/01/2020,309.63,162.09,1901.05,481.34,1419.79
10/01/2020,310.33,161.34,1883.16,478.15,1428.96
13/01/2020,316.96,163.28,1891.3,524.86,1440.03
14/01/2020,312.68,162.13,1869.44,537.92,1430.59
15/01/2020,311.34,163.18,1862.02,518.5,1439.2
16/01/2020,315.24,166.17,1877.94,513.49,1450.16
17/01/2020,318.73,167.1,1864.72,510.5,1479.52
21/01/2020,316.57,166.5,1892,547.2,1482.25
22/01/2020,317.7,165.7,1887.46,569.56,1484.17
23/01/2020,319.23,166.72,1884.58,572.2,1484.69
24/01/2020,318.31,165.04,1861.64,564.82,1466.17
27/01/2020,308.95,162.28,1828.34,558.02,1431.73
28/01/2020,317.69,165.46,1853.25,566.9,1450.5
29/01/2020,324.34,168.04,1858,580.99,1456.7
30/01/2020,323.87,172.78,1870.68,640.81,1454.25
31/01/2020,309.51,170.23,2008.72,650.57,1432.78
3/02/2020,308.66,174.38,2004.2,780,1482.6
4/02/2020,318.85,180.12,2049.67,887.06,1445.41
5/02/2020,321.45,179.9,2039.87,734.7,1446.05
6/02/2020,325.21,183.63,2050.23,748.96,1475.97
7/02/2020,320.03,183.89,2079.28,748.07,1479.11
10/02/2020,321.55,188.7,2133.91,771.28,1508.66
11/02/2020,319.61,184.44,2150.8,774.38,1510.06
12/02/2020,327.2,184.71,2160,767.29,1518.63
13/02/2020,324.87,183.71,2149.87,804,1513.39
14/02/2020,324.95,185.35,2134.87,800.03,1518.73
18/02/2020,319,187.23,2155.67,858.4,1519.44
19/02/2020,323.62,187.28,2170.22,917.42,1524.87
20/02/2020,320.3,184.42,2153.1,899.41,1516.99
21/02/2020,313.05,178.59,2095.97,901,1483.46
24/02/2020,298.18,170.89,2009.29,833.79,1419.86
25/02/2020,288.08,168.07,1972.74,799.91,1386.32
26/02/2020,292.65,170.17,1979.59,778.8,1390.47
27/02/2020,273.52,158.18,1884.3,679,1314.95
28/02/2020,273.36,162.01,1883.75,667.99,1339.25
2/03/2020,298.81,172.79,1953.95,743.62,1386.32
3/03/2020,289.32,164.51,1908.99,745.51,1337.72
4/03/2020,302.74,170.55,1975.83,749.5,1381.6
5/03/2020,292.92,166.27,1924.03,724.54,1314.76
6/03/2020,289.03,161.57,1901.09,703.48,1295.74
9/03/2020,266.17,150.62,1800.61,608,1215.79
10/03/2020,285.34,160.92,1891.82,645.33,1275.17
11/03/2020,275.43,153.63,1820.86,634.23,1210.9
12/03/2020,248.23,139.06,1676.61,560.55,1111.55
13/03/2020,277.97,158.83,1785,546.62,1214.27
16/03/2020,242.21,135.42,1689.15,445.07,1073
17/03/2020,252.86,146.57,1807.84,430.2,1118.06
18/03/2020,246.67,140.4,1830,361.22,1091.19
19/03/2020,244.78,142.71,1880.93,427.64,1111.67
20/03/2020,229.24,137.35,1846.09,427.53,1068.21
23/03/2020,224.37,135.98,1902.83,434.29,1054.13
24/03/2020,246.88,148.34,1940.1,505,1130.01
25/03/2020,245.52,146.92,1885.84,539.25,1101.62
26/03/2020,258.44,156.11,1955.49,528.16,1162.92
27/03/2020,247.74,149.7,1900.1,514.36,1110.26
30/03/2020,254.81,160.23,1963.95,502.13,1146.31
31/03/2020,254.29,157.71,1949.72,524,1161.95
1/04/2020,240.91,152.11,1907.7,481.56,1102.1
2/04/2020,244.93,155.26,1918.83,454.47,1117.03
3/04/2020,241.41,153.83,1906.59,480.01,1092.7
6/04/2020,262.47,165.27,1997.59,516.24,1183.19
7/04/2020,259.43,163.49,2011.6,545.45,1182.56
8/04/2020,266.07,165.13,2043,548.84,1207
9/04/2020,267.99,165.14,2042.76,573,1206.57
13/04/2020,273.25,165.51,2168.87,650.95,1210.41
14/04/2020,287.05,173.7,2283.32,709.89,1265.23
15/04/2020,284.43,171.88,2307.68,729.83,1257.3
16/04/2020,286.69,177.04,2408.19,745.21,1257.43
17/04/2020,282.8,178.6,2375,753.89,1279
20/04/2020,276.93,175.06,2393.61,746.36,1261.15
21/04/2020,268.37,167.82,2328.12,686.72,1212.16
22/04/2020,276.1,173.52,2363.49,732.11,1258.41
23/04/2020,275.03,171.42,2399.45,705.63,1271.17
24/04/2020,282.97,174.55,2410.22,725.15,1276.6
27/04/2020,283.17,174.05,2376,798.75,1270.86
28/04/2020,278.58,169.81,2314.08,769.12,1232.59
29/04/2020,287.73,177.43,2372.71,800.51,1342.18
30/04/2020,293.8,179.21,2474,781.88,1346.7
1/05/2020,289.07,174.57,2286.04,701.32,1317.32
4/05/2020,293.16,178.84,2315.99,761.19,1322.9
5/05/2020,297.56,180.76,2317.8,768.21,1349.02
6/05/2020,300.63,182.54,2351.26,782.58,1345.43
7/05/2020,303.74,183.6,2367.61,780.04,1369.28
8/05/2020,310.13,184.68,2379.61,819.42,1384.34
11/05/2020,315.01,186.74,2409,811.29,1403.59
12/05/2020,311.41,182.51,2356.95,809.41,1375.18
13/05/2020,307.65,179.75,2367.92,790.96,1348.33
14/05/2020,309.54,180.53,2388.85,803.33,1356.86
15/05/2020,307.71,183.16,2409.78,799.17,1373.06
18/05/2020,314.96,184.91,2426.26,813.63,1385.18
19/05/2020,313.14,183.63,2449.33,808.01,1374.4
20/05/2020,319.23,185.66,2497.94,815.56,1409.16
21/05/2020,316.85,183.43,2446.74,827.6,1406.75
22/05/2020,318.89,183.51,2436.88,816.88,1413.24
26/05/2020,316.73,181.57,2421.86,818.87,1421.37
27/05/2020,318.11,181.81,2410.39,820.23,1420.28
28/05/2020,318.25,181.4,2401.1,805.81,1418.24
29/05/2020,317.94,183.25,2442.37,835,1433.52
1/06/2020,321.85,182.83,2471.04,898.1,1434.87
2/06/2020,323.34,184.91,2472.41,881.56,1442.31
3/06/2020,325.12,185.36,2478.4,882.96,1439.25
4/06/2020,322.32,182.92,2460.6,864.38,1414.3
5/06/2020,331.5,187.2,2483,885.66,1440.02
8/06/2020,333.46,188.36,2524.06,949.92,1448.04
9/06/2020,343.99,189.8,2600.86,940.67,1452.08
10/06/2020,352.84,196.84,2647.45,1025.05,1464.7
11/06/2020,335.9,186.27,2557.96,972.84,1401.9
12/06/2020,338.8,187.74,2545.02,935.28,1412.92
15/06/2020,342.99,188.94,2572.68,990.9,1420.74
16/06/2020,352.08,193.57,2615.27,982.13,1446.47
17/06/2020,351.59,194.24,2640.98,991.79,1452.54
18/06/2020,351.73,196.32,2653.98,1003.96,1434.12
19/06/2020,349.72,195.15,2675.01,1000.9,1424.64
22/06/2020,358.87,200.57,2713.82,994.32,1450.66
23/06/2020,366.53,201.91,2764.41,1001.78,1463.98
24/06/2020,360.06,197.84,2734.4,960.85,1432.7
25/06/2020,364.84,200.34,2754.58,985.98,1441.1
26/06/2020,353.63,196.33,2692.87,959.74,1362.54
29/06/2020,361.78,198.44,2680.38,1009.35,1397.17
30/06/2020,364.8,203.51,2758.82,1079.81,1418.05
1/07/2020,364.11,204.7,2878.7,1119.63,1442
2/07/2020,364.11,206.26,2890.3,1208.66,1469.93
6/07/2020,373.85,210.7,3057.04,1371.58,1499.65
7/07/2020,372.69,208.25,3000.12,1389.86,1489.92
8/07/2020,381.37,212.83,3081.11,1365.88,1503.6
9/07/2020,382.73,214.32,3182.63,1394.28,1518.66
10/07/2020,383.68,213.67,3200,1544.65,1539.01
13/07/2020,381.91,207.07,3104,1497.06,1512.23
14/07/2020,388.23,208.35,3084,1516.8,1520.86
15/07/2020,390.9,208.04,3008.87,1546.01,1516.88
16/07/2020,386.09,203.92,2999.9,1500.64,1514.92
17/07/2020,385.31,202.88,2961.97,1500.84,1516.85
20/07/2020,393.43,211.6,3196.84,1643,1563.84
21/07/2020,388,208.75,3138.29,1568.36,1555.92
22/07/2020,389.09,211.75,3099.91,1592.33,1564.85
23/07/2020,371.38,202.54,2986.55,1513.07,1516.75
24/07/2020,370.46,201.3,3008.91,1417,1508.21
27/07/2020,379.24,203.85,3055.21,1539.6,1529.43
28/07/2020,373.01,202.02,3000.33,1476.49,1503.65
29/07/2020,380.16,204.06,3033.53,1499.11,1523.51
30/07/2020,384.76,203.9,3051.88,1487.49,1538.37
31/07/2020,425.04,205.01,3164.68,1430.76,1487.95
3/08/2020,435.75,216.54,3111.89,1485,1482.76
4/08/2020,438.66,213.29,3138.83,1487,1473.3
5/08/2020,440.25,212.94,3205.03,1485.02,1479.09
6/08/2020,455.61,216.35,3225,1489.58,1504.95
7/08/2020,444.45,212.48,3167.46,1452.71,1498.37
10/08/2020,450.91,208.25,3148.16,1418.57,1496.82
11/08/2020,437.5,203.38,3080.67,1374.39,1480.54
12/08/2020,452.04,209.19,3162.24,1554.76,1507.24
13/08/2020,460.04,208.7,3161.02,1621,1516.65
14/08/2020,459.63,208.9,3148.02,1650.71,1504.63
17/08/2020,458.43,210.28,3182.41,1835.64,1516.24
18/08/2020,462.25,211.49,3312.49,1887.09,1555.78
19/08/2020,462.83,209.7,3260.48,1878.53,1544.61
20/08/2020,473.1,214.58,3297.37,2001.83,1576.25
21/08/2020,497.48,213.02,3284.72,2049.98,1575.57
24/08/2020,503.43,213.69,3307.46,2014.2,1585.15
25/08/2020,499.3,216.47,3346.49,2023.34,1605.85
26/08/2020,506.09,221.15,3441.85,2153.17,1644.13
27/08/2020,500.04,226.58,3400,2238.75,1628.52
28/08/2020,499.23,228.91,3401.8,2213.4,1639.43
31/08/2020,129.04,225.53,3450.96,498.32,1629.53
1/09/2020,134.18,227.27,3499.12,475.05,1655.08
2/09/2020,131.4,231.65,3531.45,447.37,1717.39
3/09/2020,120.88,217.3,3368,407,1629.51
4/09/2020,120.96,214.25,3294.62,418.32,1581.21
8/09/2020,112.82,202.66,3149.84,330.21,1523.6
9/09/2020,117.32,211.29,3268.61,366.28,1547.23
10/09/2020,113.49,205.37,3175.11,371.34,1526.05
11/09/2020,112,204.03,3116.22,372.72,1515.76
14/09/2020,115.355,205.41,3102.97,419.62,1508.83
15/09/2020,115.54,208.78,3156.13,449.76,1535.12
16/09/2020,112.13,205.05,3078.1,441.76,1512.09
17/09/2020,110.34,202.91,3008.73,423.43,1487.04
18/09/2020,106.84,200.39,2954.91,442.15,1451.09
21/09/2020,110.08,202.54,2960.47,449.39,1430.14
22/09/2020,111.81,207.42,3128.99,424.23,1459.82
23/09/2020,107.12,200.59,2999.86,380.36,1409.39
24/09/2020,108.22,203.19,3019.79,387.79,1422.86
25/09/2020,112.28,207.82,3095.13,407.34,1439.06
28/09/2020,114.96,209.44,3174.05,421.2,1458.66
29/09/2020,114.09,207.26,3144.88,419.07,1466.02
30/09/2020,115.81,210.33,3148.73,429.01,1465.6
1/10/2020,116.79,212.46,3221.26,448.16,1487.9
2/10/2020,113.02,206.19,3125,415.09,1455.6
5/10/2020,116.5,210.38,3199.2,425.68,1482.83
6/10/2020,113.16,205.91,3099.96,413.98,1451.02
7/10/2020,115.08,209.83,3195.69,425.3,1459.14
8/10/2020,114.97,210.58,3190.55,425.92,1483.43
9/10/2020,116.97,215.81,3286.65,434,1510.45
12/10/2020,124.4,221.4,3442.93,442.3,1564.59
13/10/2020,121.1,222.86,3443.63,446.65,1567.07
14/10/2020,121.19,220.86,3363.71,461.3,1563.44
15/10/2020,120.71,219.66,3338.65,448.88,1555.47
16/10/2020,119.02,219.66,3272.71,439.67,1567.7
19/10/2020,115.98,214.22,3207.21,430.83,1529.95
20/10/2020,117.51,214.65,3217.01,421.94,1551.08
21/10/2020,116.87,214.8,3184.94,422.64,1585.99
22/10/2020,115.75,214.89,3176.4,425.79,1606.66
23/10/2020,115.04,216.23,3204.4,420.63,1632.98
26/10/2020,115.05,210.08,3207.04,420.28,1584.29
27/10/2020,116.6,213.25,3286.33,424.68,1598.88
28/10/2020,111.2,202.68,3162.78,406.02,1510.8
29/10/2020,115.32,204.72,3211.01,410.83,1556.88
30/10/2020,108.86,202.47,3036.15,388.04,1616.11
2/11/2020,108.77,202.33,3004.48,400.51,1624.32
3/11/2020,110.44,206.43,3048.41,423.9,1645.66
4/11/2020,114.95,216.39,3241.16,420.98,1745.85
5/11/2020,119.03,223.29,3322,438.09,1762.5
6/11/2020,118.69,223.72,3311.37,429.95,1759.73
9/11/2020,116.32,218.39,3143.74,421.26,1761.42
10/11/2020,115.97,211.01,3035.02,410.36,1737.72
11/11/2020,119.49,216.55,3137.39,417.13,1747.23
12/11/2020,119.21,215.44,3110.28,411.76,1742.82
13/11/2020,119.26,216.51,3128.81,408.5,1772.26
16/11/2020,120.3,217.23,3131.06,408.09,1774.03
17/11/2020,119.39,214.46,3135.66,441.61,1761.66
18/11/2020,118.03,211.08,3105.46,486.64,1740.64
19/11/2020,118.64,212.42,3117.02,499.27,1758.57
20/11/2020,117.34,210.39,3099.4,489.61,1736.38
23/11/2020,113.85,210.11,3098.39,521.85,1727.56
24/11/2020,115.17,213.86,3118.06,555.38,1763.9
25/11/2020,116.03,213.87,3185.07,574,1764.13
27/11/2020,116.59,215.23,3195.34,585.76,1787.02
30/11/2020,119.05,214.07,3168.04,567.6,1754.4
1/12/2020,122.72,216.21,3220.08,584.76,1795.36
2/12/2020,123.08,215.37,3203.53,568.82,1824.97
3/12/2020,122.94,214.24,3186.73,593.38,1821.84
4/12/2020,122.25,214.36,3162.58,599.04,1823.76
7/12/2020,123.75,214.29,3158,641.76,1817.03
8/12/2020,124.38,216.01,3177.29,649.88,1811.33
9/12/2020,121.78,211.8,3104.2,604.48,1777.86
10/12/2020,123.24,210.52,3101.49,627.07,1767.65
11/12/2020,122.41,213.26,3116.42,609.99,1774.8
14/12/2020,121.78,214.2,3156.97,639.83,1752.26
15/12/2020,127.88,214.13,3165.12,633.25,1761.08
16/12/2020,127.81,219.28,3240.96,622.77,1757.19
17/12/2020,128.7,219.42,3236.08,655.9,1740.51
18/12/2020,126.655,218.59,3201.65,695,1726.22
21/12/2020,128.23,222.59,3206.18,649.86,1734.56
22/12/2020,131.88,223.94,3206.52,640.34,1720.22
23/12/2020,130.96,221.02,3185.27,645.98,1728.23
24/12/2020,131.97,222.75,3172.69,661.77,1734.16
28/12/2020,136.69,224.96,3283.96,663.69,1773.96
29/12/2020,134.87,224.15,3322,665.99,1757.76
30/12/2020,133.72,221.68,3285.85,694.78,1736.25
31/12/2020,132.69,222.42,3256.93,705.67,1752.64
4/01/2021,129.41,217.69,3186.63,729.77,1726.13
5/01/2021,131.01,217.9,3218.51,735.11,1740.05
6/01/2021,126.6,212.25,3138.38,755.98,1722.88
7/01/2021,130.92,218.29,3162.16,816.04,1774.34
8/01/2021,132.05,219.62,3182.7,880.02,1797.83
11/01/2021,128.98,217.49,3114.21,811.19,1756.29
12/01/2021,128.8,214.93,3120.83,849.44,1737.43
13/01/2021,130.89,216.34,3165.89,854.41,1747.25
14/01/2021,128.91,213.02,3127.47,845,1730.92
15/01/2021,127.14,212.65,3104.25,826.16,1727.62
19/01/2021,127.83,216.44,3120.76,844.55,1784.47
20/01/2021,132.03,224.34,3263.38,850.45,1880.07
21/01/2021,136.87,224.97,3306.99,844.99,1884.15
22/01/2021,139.07,225.95,3292.23,846.64,1892.56
25/01/2021,142.92,229.53,3294,880.8,1894.28
26/01/2021,143.16,232.33,3326.13,883.09,1907.95
27/01/2021,142.06,232.9,3232.58,864.16,1818.94
28/01/2021,137.09,238.93,3237.62,835.43,1853.2
29/01/2021,131.96,231.96,3206.2,793.53,1827.36
1/02/2021,134.14,239.65,3342.88,839.81,1893.07
2/02/2021,134.99,239.51,3380,872.79,1919.12
3/02/2021,133.94,243,3312.53,854.69,2058.88
4/02/2021,137.39,242.01,3331,849.99,2053.63
5/02/2021,136.76,242.2,3352.15,852.23,2088.83
8/02/2021,136.91,242.47,3322.94,863.42,2084.52
9/02/2021,136.01,243.77,3305,849.46,2075.39
10/02/2021,135.39,242.82,3286.58,804.82,2086.48
11/02/2021,135.13,244.49,3262.13,811.66,2088.75
12/02/2021,135.37,244.99,3277.71,816.12,2095.03
16/02/2021,133.19,243.7,3268.95,796.22,2110.7
17/02/2021,130.84,244.2,3308.64,798.15,2118.62
18/02/2021,129.71,243.79,3328.23,787.38,2105.81
19/02/2021,129.87,240.97,3249.9,781.3,2088.81
22/02/2021,126,234.51,3180.74,714.5,2054.26
23/02/2021,125.86,233.27,3194.5,698.84,2060.12
24/02/2021,125.35,234.55,3159.53,742.02,2083.81
25/02/2021,120.99,228.99,3057.16,682.22,2015.95
26/02/2021,121.26,232.38,3092.93,675.5,2021.91
1/03/2021,127.79,236.94,3146.14,718.43,2069.66
2/03/2021,125.12,233.87,3094.53,686.44,2064.48
3/03/2021,122.06,227.56,3005,653.2,2011.41
4/03/2021,120.13,226.73,2977.57,621.44,2033.93
5/03/2021,121.42,231.6,3000.46,597.95,2097.07
8/03/2021,116.36,227.39,2951.95,563,2007.5
9/03/2021,121.085,233.78,3062.85,673.58,2040.36
10/03/2021,119.98,232.42,3057.64,668.06,2036.19
11/03/2021,121.96,237.13,3113.59,699.6,2100.54
12/03/2021,121.03,235.75,3089.49,693.73,2050
15/03/2021,123.99,234.81,3081.68,707.94,2054.44
16/03/2021,125.57,237.71,3091.86,676.88,2083.89
17/03/2021,124.76,237.04,3135.73,701.81,2082.22
18/03/2021,120.53,230.72,3027.99,653.16,2021.34
19/03/2021,119.99,230.35,3074.96,654.87,2026.96
22/03/2021,123.39,235.99,3110.87,670,2030.69
23/03/2021,122.54,237.58,3137.5,662.16,2041.33
24/03/2021,120.09,235.46,3087.07,630.27,2032.53
25/03/2021,120.59,232.34,3046.26,640.39,2032.46
26/03/2021,121.21,236.48,3052.03,618.71,2024.73
29/03/2021,121.39,235.24,3075.73,611.29,2045.79
30/03/2021,119.9,231.85,3055.29,635.62,2046.47
31/03/2021,122.15,235.77,3094.08,667.93,2062.52
1/04/2021,123,242.35,3161,661.75,2129.78
5/04/2021,125.9,249.07,3226.73,691.05,2218.96
6/04/2021,126.21,247.86,3223.82,691.62,2209.26
7/04/2021,127.9,249.9,3279.39,670.97,2239.03
8/04/2021,130.36,253.25,3299.3,683.8,2250.43
9/04/2021,132.995,255.85,3372.2,677.02,2270.67
12/04/2021,131.37,255.83,3381.45,701.1,2245.18
13/04/2021,134.4026,258.49,3398.21,762.35,2253.21
14/04/2021,132.03,255.81,3333,732.73,2241.92
15/04/2021,134.5,259.56,3378.63,738.7,2285.385
16/04/2021,134.065,260.57,3398.46,739.395,2282.96
19/04/2021,134.88,258.91,3373.91,714.98,2290.73
20/04/2021,133.12,258.28,3332.07,718.79,2277.22
21/04/2021,133.49,260.62,3361.56,743.91,2278.34
22/04/2021,131.94,257.17,3309.04,719.69,2252.52
23/04/2021,134.32,261.15,3340.88,729.4,2299.93
26/04/2021,134.72,261.55,3409,738.2,2309.93
27/04/2021,134.39,261.97,3417.43,704.74,2290.98
28/04/2021,133.58,254.56,3458.5,694.4,2359.04
29/04/2021,133.48,252.51,3471.31,677,2392.76
30/04/2021,131.46,252.18,3467.42,709.44,2353.5
3/05/2021,132.54,251.86,3386.49,684.9,2343.08
4/05/2021,127.85,247.79,3311.87,673.6,2306.83
5/05/2021,128.1,246.47,3270.54,670.94,2314.77
6/05/2021,129.72,249.71,3306.37,663.7,2337.18
7/05/2021,130.21,252.46,3291.61,672.37,2351.93
10/05/2021,126.85,247.18,3190.49,629.04,2291.75
11/05/2021,125.91,246.23,3223.91,617.2,2270.06
12/05/2021,122.82,239.03,3153.45,589.8903,2200.25
13/05/2021,124.94,242.98,3162.61,571.4,2229.05
14/05/2021,127.45,248.15,3222.9,589.72,2278.38
17/05/2021,126.27,245.18,3270.39,576.83,2288.92
18/05/2021,124.85,243.08,3232.28,577.87,2262.47
19/05/2021,124.69,243.12,3231.8,563.46,2271.5
20/05/2021,127.31,246.48,3247.68,586.78,2306.95
21/05/2021,125.43,245.17,3203.08,580.88,2294.13
24/05/2021,127.1,250.78,3244.99,606.44,2361.04
25/05/2021,126.9,251.72,3259.05,604.69,2362.87
26/05/2021,126.85,251.49,3265.16,619.13,2380.31
27/05/2021,125.28,249.31,3230.11,630.85,2362.68
28/05/2021,124.61,249.68,3223.07,625.22,2356.85
1/06/2021,124.28,247.4,3218.65,623.9,2381.18
2/06/2021,125.06,247.3,3233.99,605.12,2370.59
3/06/2021,123.54,245.71,3187.01,572.84,2347.58
4/06/2021,125.89,250.79,3206.22,599.05,2393.57
7/06/2021,125.9,253.81,3198.01,605.13,2402.3
8/06/2021,126.74,252.57,3264.11,603.59,2398.44
9/06/2021,127.13,253.59,3281.15,598.78,2407.94
10/06/2021,126.11,257.24,3349.65,610.12,2435.13
11/06/2021,127.35,257.89,3346.83,609.89,2430.2
14/06/2021,130.48,259.89,3383.87,617.69,2448.91
15/06/2021,129.64,258.36,3383.13,599.36,2428.39
16/06/2021,130.15,257.38,3415.25,604.87,2415.45
17/06/2021,131.79,260.9,3489.24,616.6,2434.87
18/06/2021,130.46,259.43,3486.9,623.31,2402.22
21/06/2021,132.3,262.63,3453.96,620.83,2436.25
22/06/2021,133.98,265.51,3505.44,623.71,2446.61
23/06/2021,133.7,265.275,3503.82,656.57,2442.54
24/06/2021,133.41,266.69,3449.08,679.82,2450
25/06/2021,133.11,265.02,3401.46,671.87,2450.17
28/06/2021,134.78,268.72,3443.89,688.72,2450.72
29/06/2021,136.33,271.4,3448.14,680.76,2445.45
30/06/2021,136.96,270.9,3440.16,679.7,2441.79
1/07/2021,137.27,271.6,3432.97,677.92,2448.89
2/07/2021,139.96,277.65,3510.98,678.9,2505.15
6/07/2021,142.02,277.66,3675.74,659.58,2523.8
7/07/2021,144.57,279.93,3696.58,644.65,2529.48
8/07/2021,143.24,277.42,3731.41,652.81,2500.88
9/07/2021,145.11,277.94,3719.34,656.95,2510.37
12/07/2021,144.5,277.32,3718.55,685.7,2539.51
13/07/2021,145.64,280.98,3677.36,668.54,2546.83
14/07/2021,149.15,282.51,3681.68,653.38,2564.74
15/07/2021,148.48,281.03,3631.2,650.6,2540.1
16/07/2021,146.39,280.75,3573.63,644.22,2539.4
19/07/2021,142.45,277.01,3549.59,646.22,2491.56
20/07/2021,146.15,279.32,3573.19,660.5,2524.19
21/07/2021,145.4,281.4,3585.2,655.29,2550.98
22/07/2021,146.8,286.14,3638.03,649.26,2568.43
23/07/2021,148.56,289.67,3656.64,643.38,2660.3
26/07/2021,148.99,289.05,3699.82,657.62,2680.7
27/07/2021,146.77,286.54,3626.39,644.78,2638
28/07/2021,144.98,286.22,3630.32,646.98,2721.88
29/07/2021,145.64,286.5,3599.92,677.35,2715.55
30/07/2021,145.86,284.91,3327.59,687.2,2694.53
2/08/2021,145.52,284.82,3331.48,709.67,2697.09
3/08/2021,147.36,287.12,3366.24,709.74,2712.6
4/08/2021,146.95,286.51,3354.72,710.92,2702.51
5/08/2021,147.06,289.52,3375.99,714.63,2725.03
6/08/2021,146.14,289.46,3344.94,699.1,2714.77
9/08/2021,146.09,288.33,3341.87,713.76,2738.26
10/08/2021,145.6,286.44,3320.68,709.99,2736.14
11/08/2021,145.86,286.95,3292.11,707.82,2725.58
12/08/2021,148.89,289.81,3303.5,722.25,2743.88
13/08/2021,149.1,292.85,3293.97,717.17,2754.55
16/08/2021,151.12,294.6,3298.99,686.17,2766.19
17/08/2021,150.19,293.08,3241.96,665.71,2733.23
18/08/2021,146.36,290.73,3201.22,688.99,2708.98
19/08/2021,146.7,296.77,3187.75,673.47,2713.6
20/08/2021,148.19,304.36,3199.95,680.26,2748.59
23/08/2021,149.71,304.65,3265.87,706.3,2800.83
24/08/2021,149.62,302.62,3305.78,708.49,2825.23
25/08/2021,148.36,302.01,3299.18,711.2,2841.58
26/08/2021,147.54,299.09,3316,701.16,2828.81
27/08/2021,148.6,299.72,3349.63,711.92,2880.08
30/08/2021,153.12,303.59,3421.57,730.91,2891.81
31/08/2021,151.83,301.88,3470.79,735.72,2893.95
1/09/2021,152.51,301.83,3479,734.09,2904.31
2/09/2021,153.65,301.15,3463.12,732.39,2865.74
3/09/2021,154.3,301.14,3478.05,733.57,2874.79
7/09/2021,156.69,300.18,3509.29,752.92,2885.61
8/09/2021,155.11,300.21,3525.5,753.87,2873.82
9/09/2021,154.07,297.25,3484.16,754.86,2870.82
10/09/2021,148.97,295.71,3469.15,736.27,2817.52
13/09/2021,149.55,296.99,3457.17,743,2846.65
14/09/2021,148.12,299.79,3450,744.49,2850.89
15/09/2021,149.03,304.82,3475.79,755.83,2888.59
16/09/2021,148.79,305.22,3488.24,756.99,2872.2
17/09/2021,146.06,299.87,3462.52,759.49,2816
20/09/2021,142.94,294.3,3355.73,730.17,2774.39
21/09/2021,143.43,294.8,3343.63,739.38,2780.66
22/09/2021,145.85,298.58,3380.05,751.94,2805.67
23/09/2021,146.83,299.56,3416,753.64,2824.32
24/09/2021,146.92,299.35,3425.52,774.39,2844.3
27/09/2021,145.37,294.17,3405.8,791.36,2821.44
28/09/2021,141.91,283.52,3315.96,777.56,2716.6
29/09/2021,142.83,284,3301.12,781.31,2687.07
30/09/2021,141.5,281.92,3285.04,775.48,2673.52
1/10/2021,142.65,289.1,3283.26,775.22,2730.86
4/10/2021,139.14,283.11,3189.78,781.53,2673.19
5/10/2021,141.11,288.76,3221,780.59,2720.46
6/10/2021,142,293.11,3262.01,782.75,2751.3
7/10/2021,143.29,294.85,3302.43,793.61,2784.5
8/10/2021,142.9,294.85,3288.62,785.49,2795.71
11/10/2021,142.81,294.23,3246.3,791.94,2778.28
12/10/2021,141.51,292.88,3247.33,805.72,2728.98
13/10/2021,140.91,296.31,3284.28,811.08,2751.64
14/10/2021,143.76,302.75,3299.86,818.32,2823.02
15/10/2021,144.84,304.21,3409.02,843.03,2827.36
18/10/2021,146.55,307.29,3446.74,870.11,2855.56
19/10/2021,148.76,308.23,3444.15,864.27,2864.74
20/10/2021,149.26,307.41,3415.06,865.8,2835.38
21/10/2021,149.48,310.76,3435.01,894,2837.72
22/10/2021,148.69,309.16,3335.55,909.68,2751.33
25/10/2021,148.64,308.13,3320.37,1024.86,2748.94
26/10/2021,149.32,310.11,3376.07,1018.43,2786.17
27/10/2021,148.85,323.17,3392.49,1037.86,2924.35
28/10/2021,152.57,324.35,3446.57,1077.04,2916.98
29/10/2021,149.8,331.62,3372.43,1114,2960.92
1/11/2021,148.96,329.37,3318.11,1208.59,2869.94
2/11/2021,150.02,333.13,3312.75,1172,2908.65
3/11/2021,151.49,334,3384,1213.86,2931.96
4/11/2021,150.96,336.44,3477,1229.91,2965.35
5/11/2021,151.28,336.06,3518.99,1222.09,2977.04
8/11/2021,150.44,336.99,3488.98,1162.94,2980.62
9/11/2021,150.81,335.95,3576.23,1023.5,2978.37
10/11/2021,147.92,330.8,3482.05,1067.95,2917.87
11/11/2021,147.87,332.43,3472.5,1063.51,2915.33
12/11/2021,149.99,336.72,3525.15,1033.42,2973.56
15/11/2021,150,336.07,3545.68,1013.39,2969.04
16/11/2021,151,339.51,3540.7,1054.73,2957.52
17/11/2021,153.49,339.12,3549,1089.01,2960.94
18/11/2021,157.87,341.27,3696.06,1096.38,2996.77
19/11/2021,160.55,343.11,3676.57,1137.06,2978.53
22/11/2021,161.02,339.83,3572.57,1156.87,2926.04
23/11/2021,161.41,337.68,3580.04,1109.03,2915.64
24/11/2021,161.94,337.91,3580.41,1116,2922.4
26/11/2021,156.81,329.68,3504.56,1081.92,2843.66
29/11/2021,160.24,336.63,3561.57,1136.99,2910.61
30/11/2021,165.3,330.59,3507.07,1144.76,2837.95
1/12/2021,164.77,330.08,3443.72,1095,2821.03
2/12/2021,163.76,329.49,3437.36,1084.6,2859.32
3/12/2021,161.84,323.01,3389.79,1014.97,2840.03
6/12/2021,165.32,326.19,3427.37,1009.01,2863.1
7/12/2021,171.18,334.92,3523.29,1051.75,2945.39
8/12/2021,175.08,334.97,3523.16,1068.96,2963.73
9/12/2021,174.56,333.1,3483.42,1003.8,2952.77
10/12/2021,179.45,342.54,3444.24,1017.03,2960.03
13/12/2021,175.74,339.4,3391.35,966.41,2916.53
14/12/2021,174.33,328.34,3381.83,958.51,2878.14
15/12/2021,179.3,334.65,3466.3,975.99,2928.82
16/12/2021,172.26,324.9,3377.42,926.92,2888.9
17/12/2021,171.14,323.8,3400.35,932.57,2834.5
20/12/2021,169.75,319.91,3341.58,899.94,2832.14
21/12/2021,172.99,327.29,3408.34,938.53,2869.45
22/12/2021,175.64,333.2,3420.74,1008.87,2928.3
23/12/2021,176.28,334.69,3421.37,1067,2938.33
27/12/2021,180.33,342.45,3393.39,1093.94,2958.13
28/12/2021,179.29,341.25,3413.22,1088.47,2933.74
29/12/2021,179.38,341.95,3384.02,1086.19,2933.1
30/12/2021,178.2,339.32,3372.89,1070.34,2924.01
31/12/2021,177.57,336.32,3334.34,1056.78,2897.04
3/01/2022,182.01,334.75,3408.09,1199.78,2899.83
4/01/2022,179.7,329.01,3350.44,1149.59,2887.99
5/01/2022,174.835,316.38,3288,1088.12,2755.145
6/01/2022,172,313.88,3265.08,1064.7,2754.95
7/01/2022,172.17,314.04,3251.08,1026.96,2740.34
10/01/2022,172.19,314.27,3229.72,1058.12,2773.39
11/01/2022,175.08,314.98,3307.24,1064.4,2794.72
12/01/2022,175.53,318.27,3304.14,1106.22,2828.61
13/01/2022,172.19,304.8,3224.28,1031.56,2771.74
14/01/2022,173.07,310.2,3242.76,1049.61,2789.61
18/01/2022,169.8,302.65,3178.35,1030.51,2719.96
19/01/2022,166.23,303.33,3125.98,995.65,2702.33
20/01/2022,164.51,301.6,3033.35,996.27,2666.15
21/01/2022,162.41,296.03,2852.86,943.9,2607.03
24/01/2022,161.62,296.37,2890.88,930,2616.08
25/01/2022,159.78,288.49,2799.72,918.4,2538.7
26/01/2022,159.69,296.71,2777.45,937.41,2584.66
27/01/2022,159.22,299.84,2792.75,829.1,2580.1
28/01/2022,170.33,308.26,2879.56,846.35,2667.02
31/01/2022,174.78,310.98,2991.47,936.72,2706.07
1/02/2022,174.61,308.76,3023.87,931.25,2752.88
2/02/2022,175.84,313.46,3012.25,905.66,2960
3/02/2022,172.9,301.25,2776.91,891.14,2861.8
4/02/2022,172.39,305.94,3152.79,923.32,2865.86
7/02/2022,171.66,300.95,3158.71,907.34,2784.02
8/02/2022,174.83,304.56,3228.27,922,2787.98
9/02/2022,176.28,311.21,3223.79,932,2831.84
10/02/2022,172.12,302.38,3180.07,904.55,2772.4
11/02/2022,168.64,295.04,3065.87,860,2685.65
14/02/2022,168.88,295,3103.34,875.76,2710.52
15/02/2022,172.79,300.47,3130.21,922.43,2732.17
16/02/2022,172.55,299.5,3162.01,923.39,2754.76
17/02/2022,168.88,290.73,3093.05,876.35,2650.78
18/02/2022,167.3,287.93,3052.03,856.98,2608.06
22/02/2022,164.32,287.72,3003.95,821.53,2596.27
23/02/2022,160.07,280.27,2896.54,764.04,2551.76
24/02/2022,162.74,294.59,3027.16,800.77,2653.82
25/02/2022,164.85,297.31,3075.77,809.87,2689.19
28/02/2022,165.12,298.79,3071.26,870.43,2701.14
1/03/2022,163.2,294.95,3022.84,864.37,2681.23
2/03/2022,166.56,300.19,3041.05,879.89,2691.43
3/03/2022,166.23,295.92,2957.97,839.29,2677.99
4/03/2022,163.17,289.86,2912.82,838.29,2638.13
7/03/2022,159.3,278.91,2749.06,804.58,2527.57
8/03/2022,157.44,275.85,2720.29,824.4,2542.09
9/03/2022,162.95,288.5,2785.58,858.97,2668.4
10/03/2022,158.52,285.59,2936.35,838.3,2648.59
11/03/2022,154.73,280.07,2910.49,795.35,2597.41
14/03/2022,150.62,276.44,2837.06,766.03,2519.02
15/03/2022,155.09,287.15,2947.33,801.89,2583.96
16/03/2022,159.59,294.39,3062.08,840.23,2665.61
17/03/2022,160.62,295.22,3144.78,871.6,2676.78
18/03/2022,163.98,300.43,3225.01,905.39,2722.51
21/03/2022,165.38,299.16,3229.83,921.16,2722.03
22/03/2022,168.82,304.06,3297.78,993.98,2797.36
23/03/2022,170.21,299.49,3268.16,999.11,2765.51
24/03/2022,174.07,304.1,3272.99,1013.92,2831.44
25/03/2022,174.72,303.68,3295.47,1010.64,2833.46
28/03/2022,175.6,310.7,3379.81,1091.84,2829.11
29/03/2022,178.96,315.41,3386.3,1099.57,2850.11
30/03/2022,177.77,313.86,3326.02,1093.99,2838.77
31/03/2022,174.61,308.31,3259.95,1077.6,2781.35
1/04/2022,174.31,309.42,3271.2,1084.59,2803.01
4/04/2022,178.44,314.97,3366.93,1145.45,2859.43
5/04/2022,175.06,310.88,3281.1,1091.26,2811.82
6/04/2022,171.59,299.5,3175.12,1045.76,2730.96
7/04/2022,172.14,301.37,3155.69,1057.26,2717.77
8/04/2022,170.09,296.97,3089.21,1025.49,2665.75
11/04/2022,165.75,285.26,3022.44,975.93,2576.47
12/04/2022,167.66,282.06,3015.75,986.95,2554.29
13/04/2022,170.4,287.62,3110.82,1022.37,2597.88
14/04/2022,165.29,279.83,3034.13,985,2534.6
18/04/2022,165.07,280.52,3055.7,1004.29,2553.53
19/04/2022,167.4,285.3,3162.31,1028.15,2600.18
20/04/2022,167.23,286.36,3079.96,977.2,2560.8
21/04/2022,166.42,280.81,2965.92,1008.78,2496.29
22/04/2022,161.79,274.03,2887,1005.05,2392.71
25/04/2022,162.88,280.72,2921.48,998.02,2461.48
26/04/2022,156.8,270.22,2787.82,876.42,2373
27/04/2022,156.57,283.22,2763.34,881.51,2285.89
28/04/2022,163.64,289.63,2891.93,877.51,2370.45
29/04/2022,157.65,277.52,2485.63,870.76,2282.19
2/05/2022,157.96,284.47,2490,902.94,2331.66
3/05/2022,159.48,281.78,2485.07,909.25,2346.68
4/05/2022,166.02,289.98,2518.57,952.62,2445.22
5/05/2022,156.77,277.35,2328.14,873.28,2330.11
