,AAPL,MSFT,AMZN,TSLA,GOOGL
,close,close,close,close,close
2017-05-05,148.96,69.0,934.15,308.35,950.28
2017-05-08,153.01,68.94,949.04,307.19,958.69
2017-05-09,153.99,69.04,952.82,321.26,956.71
2017-05-10,153.26,69.31,948.95,325.22,954.84
2017-05-11,153.95,68.46,947.62,323.1,955.89
2017-05-12,156.1,68.38,961.35,324.81,955.14
2017-05-15,155.7,68.43,957.97,315.88,959.22
2017-05-16,155.47,69.41,966.07,317.01,964.61
2017-05-17,150.25,67.48,944.76,306.11,942.17
2017-05-18,152.54,67.71,958.49,313.06,950.5
2017-05-19,153.06,67.69,959.84,310.83,954.65
2017-05-22,153.99,68.45,970.67,310.35,964.07
2017-05-23,153.8,68.68,971.54,303.86,970.55
2017-05-24,153.34,68.77,980.35,310.22,977.61
2017-05-25,153.87,69.62,993.38,316.83,991.86
2017-05-26,153.61,69.96,995.78,325.14,993.27
2017-05-30,153.67,70.41,996.7,335.1,996.17
2017-05-31,152.76,69.84,994.62,341.01,987.09
2017-06-01,153.18,70.1,995.95,340.37,988.29
2017-06-02,155.45,71.76,1006.73,339.85,996.12
2017-06-05,153.93,72.28,1011.34,347.32,1003.88
2017-06-06,154.45,72.52,1003.0,352.85,996.68
2017-06-07,155.37,72.39,1010.07,359.65,1001.59
2017-06-08,154.99,71.95,1010.27,370.0,1004.28
2017-06-09,148.98,70.32,978.31,357.32,970.12
2017-06-12,145.42,69.78,964.91,359.01,961.81
2017-06-13,146.59,70.65,980.79,375.95,970.5
2017-06-14,145.16,70.27,976.47,380.66,967.93
2017-06-15,144.29,69.9,964.17,375.34,960.18
2017-06-16,142.27,70.0,987.71,371.4,958.62
2017-06-19,146.34,70.87,995.17,369.8,975.22
2017-06-20,145.01,69.91,992.59,372.24,968.99
2017-06-21,145.87,70.27,1002.23,376.4,978.59
2017-06-22,145.63,70.26,1001.3,382.61,976.62
2017-06-23,146.28,71.21,1003.74,383.45,986.09
2017-06-26,145.82,70.53,993.98,377.49,972.09
2017-06-27,143.73,69.21,976.78,362.37,948.09
2017-06-28,145.83,69.8,990.33,371.24,961.01
2017-06-29,143.68,68.49,975.93,360.75,937.82
2017-06-30,144.02,68.93,968.0,361.61,929.68
2017-07-03,143.5,68.17,953.66,352.62,919.46
2017-07-05,144.09,69.08,971.4,327.09,932.26
2017-07-06,142.73,68.57,965.14,308.83,927.69
2017-07-07,144.18,69.46,978.76,313.22,940.81
2017-07-10,145.06,69.98,996.47,316.05,951.0
2017-07-11,145.53,69.99,994.13,327.22,953.53
2017-07-12,145.74,71.15,1006.51,329.52,967.66
2017-07-13,147.77,71.77,1000.63,323.41,968.85
2017-07-14,149.04,72.78,1001.81,327.78,976.91
2017-07-17,149.56,73.35,1010.04,319.57,975.96
2017-07-18,150.08,73.3,1024.45,328.24,986.95
2017-07-19,151.02,73.86,1026.87,325.26,992.77
2017-07-20,150.34,74.22,1028.7,329.92,992.19
2017-07-21,150.27,73.79,1025.67,328.4,993.84
2017-07-24,152.09,73.6,1038.95,342.52,998.31
2017-07-25,152.74,74.19,1039.87,339.6,969.03
2017-07-26,153.46,74.05,1052.8,343.85,965.31
2017-07-27,150.56,73.16,1046.0,334.46,952.51
2017-07-28,149.5,73.04,1020.04,335.07,958.33
2017-07-31,148.73,72.7,987.78,323.47,945.5
2017-08-01,150.05,72.58,996.19,319.57,946.56
2017-08-02,157.14,72.26,995.89,325.89,947.64
2017-08-03,155.57,72.15,986.92,347.09,940.3
2017-08-04,156.39,72.68,987.58,356.91,945.79
2017-08-07,158.81,72.4,992.27,355.17,945.75
2017-08-08,160.08,72.79,989.84,365.22,944.19
2017-08-09,161.06,72.47,982.01,363.53,940.08
2017-08-10,155.32,71.41,956.92,355.4,923.59
2017-08-11,157.48,72.5,967.99,357.87,930.09
2017-08-14,159.85,73.59,983.3,363.8,938.93
2017-08-15,161.6,73.22,982.74,362.33,938.08
2017-08-16,160.95,73.65,978.18,362.91,944.27
2017-08-17,157.86,72.4,960.57,351.92,927.66
2017-08-18,157.5,72.49,958.47,347.46,926.18
2017-08-21,157.21,72.15,953.29,337.86,920.87
2017-08-22,159.78,73.16,966.9,341.35,940.4
2017-08-23,159.98,72.72,958.0,352.77,942.58
2017-08-24,159.27,72.69,952.45,352.93,936.89
2017-08-25,159.86,72.82,945.26,348.05,930.5
2017-08-28,161.47,72.83,946.02,345.66,928.13
2017-08-29,162.91,73.05,954.06,347.36,935.75
2017-08-30,163.35,74.01,967.59,353.18,943.63
2017-08-31,164.0,74.77,980.6,355.9,955.24
2017-09-01,164.05,73.94,978.25,355.4,951.99
2017-09-05,162.08,73.61,965.27,349.59,941.48
2017-09-06,161.91,73.4,967.8,344.53,942.02
2017-09-07,161.26,74.34,979.47,350.61,949.89
2017-09-08,158.63,73.98,965.9,343.4,941.41
2017-09-11,161.5,74.76,977.96,363.69,943.29
2017-09-12,160.86,74.68,982.58,362.75,946.65
2017-09-13,159.65,75.21,999.6,366.23,950.44
2017-09-14,158.28,74.77,992.21,377.64,940.13
2017-09-15,159.88,75.31,986.79,379.81,935.29
2017-09-18,158.67,75.16,974.19,385.0,929.75
2017-09-19,158.73,75.44,969.86,375.1,936.86
2017-09-20,156.07,74.94,973.21,373.91,947.54
2017-09-21,153.39,74.21,964.65,366.48,947.55
2017-09-22,151.89,74.41,955.1,351.09,943.26
2017-09-25,150.55,73.26,939.79,344.99,934.28
2017-09-26,153.14,73.26,938.6,345.25,937.43
2017-09-27,154.23,73.85,950.87,340.97,959.9
2017-09-28,153.28,73.87,956.4,339.6,964.81
2017-09-29,154.12,74.49,961.35,341.1,973.72
2017-10-02,153.81,74.61,959.19,341.53,967.47
2017-10-03,154.48,74.26,957.1,348.14,972.08
2017-10-04,153.48,74.69,965.45,355.01,966.78
2017-10-05,155.39,75.97,980.85,355.33,985.19
2017-10-06,155.3,76.0,989.58,356.88,993.64
2017-10-09,155.84,76.29,990.99,342.94,992.31
2017-10-10,155.9,76.29,987.2,355.59,987.8
2017-10-11,156.55,76.42,995.0,354.6,1005.65
2017-10-12,156.0,77.12,1000.93,355.68,1005.65
2017-10-13,156.99,77.49,1002.94,355.57,1007.87
2017-10-16,159.88,77.65,1006.34,350.6,1009.35
2017-10-17,160.47,77.59,1009.13,355.75,1011.0
2017-10-18,159.76,77.61,997.0,359.65,1012.74
2017-10-19,155.98,77.91,986.61,351.81,1001.84
2017-10-20,156.25,78.81,982.91,345.1,1005.07
2017-10-23,156.17,78.83,966.3,337.02,985.54
2017-10-24,157.1,78.86,975.9,337.34,988.49
2017-10-25,156.41,78.63,972.91,325.84,991.46
2017-10-26,157.41,78.76,972.43,326.17,991.42
2017-10-27,163.05,83.81,1100.95,320.87,1033.67
2017-10-30,166.72,83.89,1110.85,320.08,1033.13
2017-10-31,169.04,83.18,1105.28,331.53,1033.04
2017-11-01,166.89,83.18,1103.68,321.08,1042.595
2017-11-02,168.11,84.05,1094.22,299.26,1042.97
2017-11-03,172.5,84.14,1111.6,306.09,1049.99
2017-11-06,174.25,84.47,1120.66,302.78,1042.68
2017-11-07,174.81,84.27,1123.17,306.05,1052.39
2017-11-08,176.24,84.56,1132.88,304.39,1058.29
2017-11-09,175.88,84.09,1129.13,302.99,1047.72
2017-11-10,174.67,83.87,1125.35,302.99,1044.15
2017-11-13,173.97,83.93,1129.17,315.4,1041.2
2017-11-14,171.34,84.05,1136.84,308.7,1041.64
2017-11-15,169.08,82.98,1126.69,311.3,1036.41
2017-11-16,171.1,83.2,1137.29,312.5,1048.47
2017-11-17,170.15,82.4,1129.88,315.05,1035.89
2017-11-20,169.98,82.53,1126.31,308.74,1034.66
2017-11-21,173.14,83.72,1139.49,317.81,1050.3
2017-11-22,174.96,83.11,1156.16,312.6,1051.92
2017-11-24,174.97,83.26,1186.0,315.55,1056.52
2017-11-27,174.09,83.87,1195.83,316.81,1072.01
2017-11-28,173.07,84.88,1193.6,317.55,1063.29
2017-11-29,169.48,83.34,1161.27,307.54,1037.38
2017-11-30,171.85,84.17,1176.75,308.85,1036.17
2017-12-01,171.05,84.26,1162.35,306.53,1025.07
2017-12-04,169.8,81.08,1133.95,305.2,1011.87
2017-12-05,169.64,81.59,1141.57,303.7,1019.6
2017-12-06,169.01,82.78,1152.35,313.26,1032.72
2017-12-07,169.32,82.49,1159.79,311.24,1044.57
2017-12-08,169.37,84.16,1162.0,315.13,1049.38
2017-12-11,172.67,85.23,1168.92,328.91,1051.97
2017-12-12,171.7,85.58,1165.08,341.03,1048.77
2017-12-13,172.27,85.35,1164.13,339.03,1051.39
2017-12-14,172.22,84.69,1174.26,337.89,1057.47
2017-12-15,173.97,86.85,1179.14,343.45,1072.0
2017-12-18,176.42,86.38,1190.58,338.87,1085.09
2017-12-19,174.54,85.83,1187.38,331.1,1079.78
2017-12-20,174.35,85.52,1177.62,328.98,1073.56
2017-12-21,175.01,85.5,1174.76,331.66,1070.85
2017-12-22,175.01,85.51,1168.36,325.2,1068.86
2017-12-26,170.57,85.4,1176.76,317.29,1065.85
2017-12-27,170.6,85.71,1182.26,311.64,1060.2
2017-12-28,171.08,85.72,1186.1,315.36,1055.95
2017-12-29,169.23,85.54,1169.47,311.35,1053.4
2018-01-02,172.26,85.95,1189.01,320.53,1073.21
2018-01-03,172.23,86.35,1204.2,317.25,1091.52
2018-01-04,173.03,87.11,1209.59,314.62,1095.76
2018-01-05,175.0,88.19,1229.14,316.58,1110.29
2018-01-08,174.35,88.28,1246.87,336.41,1114.21
2018-01-09,174.33,88.22,1252.7,333.69,1112.79
2018-01-10,174.29,87.82,1254.33,334.8,1110.14
2018-01-11,175.28,88.08,1276.68,337.95,1112.05
2018-01-12,177.09,89.6,1305.2,336.22,1130.65
2018-01-16,176.19,88.35,1304.86,340.06,1130.7
2018-01-17,179.1,90.14,1295.0,347.16,1139.1
2018-01-18,179.26,90.1,1293.32,344.57,1135.97
2018-01-19,178.46,90.0,1294.58,350.02,1143.5
2018-01-22,177.0,91.61,1327.31,351.56,1164.16
2018-01-23,177.04,91.9,1362.54,352.79,1176.17
2018-01-24,174.22,91.82,1357.51,345.89,1171.29
2018-01-25,171.11,92.33,1377.95,337.64,1182.14
2018-01-26,171.51,94.06,1402.05,342.85,1187.56
2018-01-29,167.96,93.92,1417.68,349.53,1186.48
2018-01-30,166.97,92.74,1437.82,345.82,1177.37
2018-01-31,167.43,95.01,1450.89,354.31,1182.22
2018-02-01,167.78,94.26,1390.0,349.25,1181.59
2018-02-02,160.5,91.78,1429.95,343.75,1119.2
2018-02-05,156.49,88.0,1390.0,333.13,1062.39
2018-02-06,163.03,91.33,1442.84,333.97,1084.43
2018-02-07,159.54,89.61,1416.78,345.0,1055.41
2018-02-08,155.15,85.01,1350.5,315.23,1007.71
2018-02-09,156.41,88.18,1339.6,310.42,1046.27
2018-02-12,162.71,89.13,1386.23,315.73,1054.56
2018-02-13,164.34,89.83,1414.51,323.66,1054.14
2018-02-14,167.37,90.81,1451.05,322.31,1072.7
2018-02-15,172.99,92.66,1461.76,334.065,1091.36
2018-02-16,172.43,92.0,1448.69,335.49,1095.5
2018-02-20,171.85,92.72,1468.35,334.77,1103.59
2018-02-21,171.07,91.49,1482.92,333.3,1113.75
2018-02-22,172.5,91.73,1485.34,346.17,1109.9
2018-02-23,175.5,94.06,1500.0,352.05,1128.09
2018-02-26,178.97,95.42,1521.95,357.42,1143.7
2018-02-27,178.39,94.2,1511.98,350.99,1117.51
2018-02-28,178.12,93.77,1512.45,343.06,1103.92
2018-03-01,175.0,92.85,1493.45,330.93,1071.41
2018-03-02,176.21,93.05,1500.25,335.12,1084.14
2018-03-05,176.82,93.64,1523.61,333.35,1094.76
2018-03-06,176.67,93.32,1537.64,328.2,1100.9
2018-03-07,175.03,93.86,1545.0,332.3,1115.04
2018-03-08,176.94,94.43,1551.86,329.1,1129.38
2018-03-09,179.98,96.54,1578.89,327.17,1160.84
2018-03-12,181.72,96.77,1598.39,345.51,1165.93
2018-03-13,179.97,94.41,1588.18,341.84,1139.91
2018-03-14,178.44,93.85,1591.0,326.63,1148.89
2018-03-15,178.65,94.18,1582.32,325.6,1150.61
2018-03-16,178.02,94.6,1571.68,321.35,1134.42
2018-03-19,175.3,92.89,1544.93,313.56,1100.07
2018-03-20,175.24,93.13,1586.51,310.55,1095.8
2018-03-21,171.27,92.48,1581.86,316.53,1094.0
2018-03-22,168.85,89.79,1544.92,309.1,1053.15
2018-03-23,164.94,87.18,1495.56,301.54,1026.55
2018-03-26,172.77,93.78,1555.86,304.18,1054.09
2018-03-27,168.34,89.47,1497.05,279.18,1006.94
2018-03-28,166.48,89.39,1431.42,257.78,1005.18
2018-03-29,167.78,91.27,1447.34,266.13,1037.14
2018-04-02,166.68,88.52,1371.99,252.48,1012.63
2018-04-03,168.39,89.71,1392.05,267.53,1018.68
2018-04-04,171.61,92.33,1410.57,286.94,1029.71
2018-04-05,172.8,92.38,1451.75,305.72,1032.64
2018-04-06,168.38,90.23,1405.23,299.3,1009.95
2018-04-09,170.05,90.77,1406.08,289.66,1020.09
2018-04-10,173.25,92.88,1436.22,304.7,1036.5
2018-04-11,172.44,91.86,1427.05,300.93,1025.06
2018-04-12,174.14,93.58,1448.5,294.08,1037.29
2018-04-13,174.73,93.08,1430.79,300.34,1036.04
2018-04-16,175.82,94.17,1441.5,291.21,1046.1
2018-04-17,178.24,96.07,1503.83,287.69,1079.36
2018-04-18,177.84,96.44,1527.84,293.35,1075.39
2018-04-19,172.8,96.11,1556.91,300.08,1089.45
2018-04-20,165.72,95.0,1527.49,290.24,1077.32
2018-04-23,165.24,95.35,1517.86,283.37,1073.81
2018-04-24,162.94,93.12,1460.09,283.46,1022.64
2018-04-25,163.65,92.31,1460.17,280.69,1022.99
2018-04-26,164.22,94.26,1517.96,285.48,1043.31
2018-04-27,162.32,95.82,1572.62,294.075,1031.45
2018-04-30,165.26,93.52,1566.13,293.9,1018.58
2018-05-01,169.1,95.0,1582.26,299.92,1040.75
2018-05-02,176.57,93.51,1569.68,301.15,1026.05
2018-05-03,176.89,94.07,1572.075,284.45,1026.3
2018-05-04,183.83,95.16,1580.95,294.09,1051.0
2018-05-07,185.16,96.22,1600.14,302.77,1059.46
2018-05-08,186.05,95.81,1592.39,301.97,1058.59
2018-05-09,187.36,96.94,1608.0,306.85,1088.95
2018-05-10,190.04,97.91,1609.08,305.02,1105.47
2018-05-11,188.59,97.7,1602.91,301.06,1103.38
2018-05-14,188.15,98.03,1601.54,291.97,1106.6
2018-05-15,186.44,97.32,1576.12,284.18,1084.87
2018-05-16,188.18,97.15,1587.28,286.48,1084.09
2018-05-17,186.99,96.18,1581.76,284.54,1081.26
2018-05-18,186.31,96.36,1574.37,276.82,1069.64
2018-05-21,187.63,97.6,1585.46,284.49,1084.01
2018-05-22,187.16,97.5,1581.4,275.01,1075.31
2018-05-23,188.36,98.66,1601.86,279.07,1085.96
2018-05-24,188.15,98.31,1603.07,277.85,1085.45
2018-05-25,188.58,98.36,1610.15,278.85,1084.08
2018-05-29,187.9,98.01,1612.87,283.76,1068.07
2018-05-30,187.5,98.95,1624.89,291.72,1077.47
2018-05-31,186.87,98.84,1629.62,284.73,1100.0
2018-06-01,190.24,100.79,1641.54,291.82,1135.0
2018-06-04,191.83,101.67,1665.27,296.74,1153.04
2018-06-05,193.31,102.19,1696.35,291.13,1151.02
2018-06-06,193.98,102.49,1695.75,319.5,1146.95
2018-06-07,193.46,100.88,1689.3,316.09,1134.42
2018-06-08,191.7,101.63,1683.99,317.66,1132.71
2018-06-11,191.23,101.05,1689.12,332.1,1140.9
2018-06-12,192.28,101.31,1698.75,342.77,1148.19
2018-06-13,190.7,100.85,1704.86,344.78,1144.23
2018-06-14,190.8,101.42,1723.86,357.72,1160.11
2018-06-15,188.84,100.13,1715.97,358.17,1159.27
2018-06-18,188.74,100.86,1723.79,370.83,1183.58
2018-06-19,185.69,100.86,1734.78,352.55,1178.69
2018-06-20,186.5,101.87,1750.08,362.22,1184.07
2018-06-21,185.46,101.14,1730.22,347.51,1169.44
2018-06-22,184.92,100.41,1715.67,333.63,1169.29
2018-06-25,182.17,98.39,1663.15,333.01,1139.28
2018-06-26,184.43,99.08,1691.09,342.0,1132.62
2018-06-27,184.16,97.54,1660.51,344.5,1116.94
2018-06-28,185.5,98.63,1701.45,349.93,1126.78
2018-06-29,185.11,98.61,1699.8,342.95,1129.19
2018-07-02,187.18,100.01,1713.78,335.07,1142.11
2018-07-03,183.92,99.05,1693.96,310.86,1116.28
2018-07-05,185.4,99.76,1699.73,309.16,1141.29
2018-07-06,187.97,101.16,1710.63,308.9,1155.08
2018-07-09,190.58,101.85,1739.02,318.51,1167.28
2018-07-10,190.35,102.12,1743.07,322.47,1167.14
2018-07-11,187.88,101.98,1755.0,318.96,1171.46
2018-07-12,191.03,104.19,1796.62,316.71,1201.26
2018-07-13,191.33,105.43,1813.03,318.87,1204.42
2018-07-16,190.91,104.91,1822.49,310.1,1196.51
2018-07-17,191.45,105.95,1843.93,322.69,1213.08
2018-07-18,190.4,105.12,1842.92,323.85,1212.91
2018-07-19,191.88,104.4,1812.97,320.23,1199.1
2018-07-20,191.44,106.27,1813.7,313.58,1197.88
2018-07-23,191.61,107.97,1802.0,303.2,1211.0
2018-07-24,193.0,107.66,1829.24,297.43,1258.15
2018-07-25,194.82,110.83,1863.61,308.74,1275.94
2018-07-26,194.21,109.62,1808.0,306.65,1285.5
2018-07-27,190.98,107.68,1817.27,297.18,1252.89
2018-07-30,189.91,105.37,1779.22,290.17,1230.04
2018-07-31,190.29,106.08,1777.44,298.14,1227.22
2018-08-01,201.5,106.28,1797.17,300.84,1232.99
2018-08-02,207.39,107.57,1834.33,349.54,1241.13
2018-08-03,207.99,108.04,1823.29,348.17,1238.16
2018-08-06,209.07,108.13,1847.75,341.99,1237.67
2018-08-07,207.11,108.88,1862.48,379.57,1255.84
2018-08-08,207.25,109.49,1886.52,370.34,1261.33
2018-08-09,208.88,109.67,1898.52,352.45,1264.46
2018-08-10,207.53,109.0,1886.3,355.49,1252.51
2018-08-13,208.87,108.21,1896.2,356.41,1248.64
2018-08-14,209.75,109.56,1919.65,347.64,1258.14
2018-08-15,210.24,107.66,1882.62,338.69,1232.22
2018-08-16,213.32,107.64,1886.52,335.45,1224.06
2018-08-17,217.58,107.58,1882.22,305.5,1215.85
2018-08-20,215.46,106.87,1876.71,308.44,1221.95
2018-08-21,215.04,105.98,1883.42,321.9,1217.41
2018-08-22,215.05,107.06,1904.9,321.64,1221.75
2018-08-23,215.49,107.56,1902.9,320.1,1221.16
2018-08-24,216.16,108.4,1905.39,322.82,1236.75
2018-08-27,217.94,109.6,1927.68,319.27,1256.27
2018-08-28,219.7,110.26,1932.82,311.86,1245.86
2018-08-29,222.98,112.02,1998.1,305.01,1264.65
2018-08-30,225.03,111.95,2002.38,303.15,1254.44
2018-08-31,227.63,112.33,2012.71,301.66,1231.8
2018-09-04,228.36,111.71,2039.51,288.95,1211.31
2018-09-05,226.87,108.49,1994.82,280.74,1199.1
2018-09-06,223.1,108.74,1958.31,280.95,1183.99
2018-09-07,221.3,108.21,1952.07,263.24,1177.59
2018-09-10,218.33,109.38,1939.01,285.5,1175.06
2018-09-11,223.85,111.24,1987.15,279.44,1189.99
2018-09-12,221.07,111.71,1990.0,290.54,1171.6
2018-09-13,226.41,112.91,1989.87,289.46,1182.14
2018-09-14,223.84,113.37,1970.19,295.2,1177.98
2018-09-17,217.88,112.14,1908.03,294.84,1159.83
2018-09-18,218.24,113.21,1941.05,284.96,1167.11
2018-09-19,218.37,111.7,1926.42,299.02,1174.27
2018-09-20,220.03,113.57,1944.3,298.33,1191.57
2018-09-21,217.66,114.26,1915.01,299.1,1172.12
2018-09-24,220.79,114.67,1934.36,299.68,1179.56
2018-09-25,222.19,114.45,1974.55,300.99,1193.89
2018-09-26,220.42,113.98,1974.85,309.58,1194.06
2018-09-27,224.95,114.41,2012.98,307.52,1207.36
2018-09-28,225.74,114.37,2003.0,264.77,1207.08
2018-10-01,227.26,115.61,2004.36,310.7,1208.53
2018-10-02,229.28,115.15,1971.31,301.02,1207.64
2018-10-03,232.07,115.17,1952.76,294.8,1211.53
2018-10-04,227.99,112.79,1909.42,281.83,1177.07
2018-10-05,224.29,112.13,1889.65,261.95,1167.83
2018-10-08,223.77,110.85,1864.42,250.56,1155.92
2018-10-09,226.87,112.26,1870.32,262.8,1145.17
2018-10-10,216.36,106.16,1755.25,256.88,1092.16
2018-10-11,214.45,105.91,1719.36,252.23,1090.74
2018-10-12,222.11,109.57,1788.61,258.78,1120.54
2018-10-15,217.36,107.6,1760.95,259.59,1102.44
2018-10-16,222.15,111.0,1819.96,276.59,1133.08
2018-10-17,221.19,110.71,1831.73,271.78,1127.59
2018-10-18,216.02,108.5,1770.72,263.91,1097.91
2018-10-19,219.31,108.66,1764.03,260.0,1105.18
2018-10-22,220.65,109.63,1789.3,260.95,1111.37
2018-10-23,222.73,108.1,1768.7,294.14,1114.91
2018-10-24,215.09,102.32,1664.2,288.5,1057.12
2018-10-25,219.8,108.3,1782.17,314.86,1103.59
2018-10-26,216.3,106.96,1642.81,330.9,1083.75
2018-10-29,212.24,103.85,1538.88,334.85,1034.73
2018-10-30,213.3,103.73,1530.42,329.9,1049.51
2018-10-31,218.86,106.81,1598.01,337.32,1090.58
2018-11-01,222.22,105.92,1665.53,344.28,1085.98
2018-11-02,207.48,106.16,1665.53,346.41,1071.49
2018-11-05,201.59,107.51,1627.8,341.4,1055.73
2018-11-06,203.77,107.72,1642.81,341.06,1069.57
2018-11-07,209.95,111.96,1755.49,348.16,1108.24
2018-11-08,208.49,111.75,1754.91,351.4,1094.63
2018-11-09,204.47,109.57,1712.43,350.51,1077.02
2018-11-12,194.17,106.87,1636.85,331.28,1049.36
2018-11-13,192.23,106.94,1631.17,338.73,1047.97
2018-11-14,186.8,104.97,1599.01,344.0,1054.58
2018-11-15,191.41,107.28,1619.44,348.44,1071.05
2018-11-16,193.53,108.29,1593.41,354.31,1068.27
2018-11-19,185.86,104.62,1512.29,353.47,1027.42
2018-11-20,176.98,101.71,1495.46,347.49,1030.45
2018-11-21,176.78,103.11,1516.73,338.19,1043.43
2018-11-23,172.29,103.07,1502.06,325.83,1030.1
2018-11-26,174.62,106.47,1581.33,346.0,1055.94
2018-11-27,174.24,107.14,1581.42,343.92,1052.28
2018-11-28,180.94,111.12,1677.75,347.87,1091.79
2018-11-29,179.55,110.19,1673.57,341.17,1094.58
2018-11-30,178.58,110.89,1690.17,350.48,1109.65
2018-12-03,184.82,112.09,1772.36,358.49,1116.36
2018-12-04,176.69,108.52,1668.4,359.7,1062.47
2018-12-06,174.72,109.19,1699.19,363.06,1078.08
2018-12-07,168.49,104.82,1629.13,357.965,1046.58
2018-12-10,169.6,107.59,1641.03,365.15,1053.18
2018-12-11,168.63,108.59,1643.24,366.76,1061.65
2018-12-12,169.1,109.08,1663.54,366.6,1073.73
2018-12-13,170.95,109.45,1658.38,376.79,1073.54
2018-12-14,165.48,106.03,1591.91,365.71,1051.71
2018-12-17,163.94,102.89,1520.91,348.42,1025.65
2018-12-18,166.07,103.97,1551.48,337.03,1043.41
2018-12-19,160.89,103.69,1495.08,332.97,1035.46
2018-12-20,156.83,101.51,1460.83,315.38,1023.58
2018-12-21,150.73,98.23,1377.45,319.77,991.25
2018-12-24,146.83,94.13,1343.96,295.39,984.67
2018-12-26,157.17,100.56,1470.9,326.09,1047.85
2018-12-27,156.15,101.18,1461.64,316.13,1052.9
2018-12-28,156.23,100.39,1478.02,333.87,1046.68
2018-12-31,157.74,101.57,1501.97,332.8,1044.96
2019-01-02,157.92,101.12,1539.13,310.12,1054.68
2019-01-03,142.19,97.4,1500.28,300.36,1025.47
2019-01-04,148.26,101.93,1575.39,317.69,1078.07
2019-01-07,147.93,102.06,1629.51,334.96,1075.92
2019-01-08,150.75,102.8,1656.58,335.35,1085.37
2019-01-09,153.31,104.27,1659.42,338.53,1081.65
2019-01-10,153.8,103.6,1656.22,344.97,1078.83
2019-01-11,152.29,102.8,1640.56,347.26,1064.47
2019-01-14,150.0,102.05,1617.21,334.4,1051.51
2019-01-15,153.07,105.01,1674.56,344.43,1086.51
2019-01-16,154.94,105.38,1683.78,346.05,1089.51
2019-01-17,155.86,106.12,1693.22,347.31,1099.12
2019-01-18,156.82,107.71,1696.2,302.26,1107.3
2019-01-22,153.3,105.68,1632.17,298.92,1078.63
2019-01-23,153.92,106.71,1640.02,287.59,1084.41
2019-01-24,152.7,106.2,1654.93,291.51,1084.0
2019-01-25,157.76,107.17,1670.57,297.04,1101.51
2019-01-28,156.3,105.08,1637.89,296.38,1079.86
2019-01-29,154.68,102.94,1593.88,297.46,1070.06
2019-01-30,165.25,106.38,1670.43,308.77,1097.99
2019-01-31,166.44,104.43,1718.73,307.02,1125.89
2019-02-01,166.52,102.78,1626.23,312.21,1118.62
2019-02-04,171.25,105.74,1633.31,312.89,1141.42
2019-02-05,174.18,107.22,1658.81,321.35,1151.87
2019-02-06,174.24,106.03,1640.26,317.22,1122.89
2019-02-07,170.94,105.27,1614.37,307.51,1105.91
2019-02-08,170.41,105.67,1588.22,305.8,1102.38
2019-02-11,169.43,105.25,1591.0,312.84,1102.12
2019-02-12,170.89,106.89,1638.01,311.81,1127.58
2019-02-13,170.18,106.81,1640.0,308.17,1128.63
2019-02-14,170.8,106.9,1622.65,303.77,1129.2
2019-02-15,170.42,108.22,1607.95,307.88,1119.63
2019-02-19,170.93,108.17,1627.58,305.64,1126.51
2019-02-20,172.03,107.15,1622.1,302.56,1120.59
2019-02-21,171.06,109.41,1619.44,291.23,1104.21
2019-02-22,172.97,110.97,1631.56,294.71,1116.56
2019-02-25,174.23,111.59,1633.0,298.77,1117.33
2019-02-26,174.33,112.36,1636.4,297.86,1122.01
2019-02-27,174.87,112.17,1641.09,314.74,1122.89
2019-02-28,173.15,112.03,1639.83,319.88,1126.55
2019-03-01,174.97,112.53,1671.73,294.79,1148.52
2019-03-04,175.85,112.26,1696.17,285.36,1153.42
2019-03-05,175.53,111.7,1692.43,276.54,1169.19
2019-03-06,174.52,111.75,1668.95,276.24,1164.94
2019-03-07,172.5,110.39,1625.95,276.59,1150.85
2019-03-08,172.91,110.51,1620.8,284.14,1149.97
2019-03-11,178.9,112.83,1670.62,290.92,1179.26
2019-03-12,180.91,113.62,1673.1,283.36,1197.25
2019-03-13,181.71,114.5,1690.81,288.96,1199.06
2019-03-14,183.73,114.59,1686.22,289.96,1192.53
2019-03-15,186.12,115.91,1712.36,275.43,1190.3
2019-03-18,188.02,117.57,1742.15,269.49,1188.55
2019-03-19,186.53,117.65,1761.85,267.47,1202.46
2019-03-20,188.16,117.52,1797.27,273.6,1226.43
2019-03-21,195.09,120.22,1819.26,274.02,1236.13
2019-03-22,191.05,117.05,1764.77,264.53,1207.65
2019-03-25,188.74,117.66,1774.26,260.42,1197.38
2019-03-26,186.79,117.91,1783.76,267.77,1189.84
2019-03-27,188.47,116.77,1765.7,274.83,1178.01
2019-03-28,188.72,116.93,1773.42,278.62,1172.27
2019-03-29,189.95,117.94,1780.75,279.86,1176.89
2019-04-01,191.24,119.02,1814.19,289.18,1198.98
2019-04-02,194.02,119.19,1813.98,285.88,1205.54
2019-04-03,195.35,119.97,1820.7,291.81,1210.81
2019-04-04,195.69,119.36,1818.86,267.78,1219.45
2019-04-05,197.0,119.89,1837.28,274.96,1211.45
2019-04-08,200.1,119.93,1849.86,273.2,1208.28
2019-04-09,199.5,119.28,1835.84,272.31,1202.69
2019-04-10,200.62,120.19,1847.33,276.06,1206.45
2019-04-11,198.95,120.33,1844.07,268.42,1209.59
2019-04-12,198.87,120.95,1843.06,267.7,1222.73
2019-04-15,199.23,121.05,1844.87,266.38,1226.53
2019-04-16,199.25,120.77,1863.04,273.36,1231.91
2019-04-17,203.13,121.77,1864.82,271.23,1240.14
2019-04-18,203.86,123.37,1861.69,273.26,1241.47
2019-04-22,204.53,123.76,1887.31,262.75,1253.76
2019-04-23,207.48,125.44,1923.77,263.9,1270.59
2019-04-24,207.16,125.01,1901.75,258.66,1260.05
2019-04-25,205.28,129.15,1902.25,247.63,1267.34
2019-04-26,204.3,129.89,1950.63,235.14,1277.42
2019-04-29,204.61,129.77,1938.43,241.47,1296.2
2019-04-30,200.67,130.6,1926.52,238.69,1198.96
2019-05-01,210.52,127.88,1911.52,234.01,1173.32
2019-05-02,209.15,126.21,1900.82,244.1,1166.51
2019-05-03,211.75,128.9,1962.46,255.03,1189.55
2019-05-06,208.48,128.15,1950.55,255.34,1193.46
2019-05-07,202.86,125.52,1921.0,247.06,1178.86
2019-05-08,202.9,125.51,1917.77,244.84,1170.78
2019-05-09,200.72,125.5,1899.87,241.98,1167.97
2019-05-10,197.18,127.13,1889.98,239.52,1167.64
2019-05-13,185.72,123.35,1822.68,227.01,1136.59
2019-05-14,188.66,124.73,1840.12,232.31,1124.86
2019-05-15,190.92,126.02,1871.15,231.95,1170.8
2019-05-16,190.08,128.93,1907.57,228.33,1184.5
2019-05-17,189.0,128.07,1869.0,211.03,1168.78
2019-05-20,183.09,126.22,1858.97,205.36,1144.66
2019-05-21,186.6,126.9,1857.52,205.08,1154.44
2019-05-22,182.78,127.67,1859.68,192.73,1155.85
2019-05-23,179.66,126.18,1815.48,195.49,1145.34
2019-05-24,178.97,126.24,1823.28,190.63,1138.61
2019-05-28,178.23,126.16,1836.43,188.7,1139.56
2019-05-29,177.38,124.94,1819.19,189.86,1119.94
2019-05-30,178.3,125.73,1816.32,188.22,1121.41
2019-05-31,175.07,123.68,1775.07,185.16,1106.5
2019-06-03,173.3,119.84,1692.69,178.97,1038.74
2019-06-04,179.64,123.16,1729.56,193.6,1054.49
2019-06-05,182.54,125.83,1738.5,196.59,1044.64
2019-06-06,185.22,127.82,1754.36,205.95,1047.76
2019-06-07,190.15,131.4,1804.03,204.5,1068.37
2019-06-10,192.58,132.6,1860.63,212.88,1082.76
2019-06-11,194.81,132.1,1863.7,217.1,1081.04
2019-06-12,194.19,131.49,1855.32,209.26,1079.1
2019-06-13,194.15,132.32,1870.3,213.91,1091.01
2019-06-14,192.74,132.45,1869.67,214.92,1086.3
2019-06-17,193.89,132.85,1886.03,225.03,1093.89
2019-06-18,198.45,135.16,1901.37,224.74,1105.24
2019-06-19,197.87,135.69,1908.79,226.43,1104.51
2019-06-20,199.46,136.95,1918.19,219.62,1113.2
2019-06-21,198.78,136.97,1911.3,221.86,1125.37
2019-06-24,198.58,137.78,1913.9,223.64,1116.7
2019-06-25,195.57,133.43,1878.27,219.76,1087.58
2019-06-26,199.8,133.93,1897.83,219.27,1080.32
2019-06-27,199.74,134.15,1904.28,222.84,1076.63
2019-06-28,197.92,133.96,1893.63,223.46,1082.8
2019-07-01,201.55,135.68,1922.19,227.17,1100.0
2019-07-02,202.73,136.58,1934.31,224.55,1112.6
2019-07-03,204.41,137.46,1939.0,234.9,1122.99
2019-07-05,204.23,137.06,1942.91,233.1,1132.665
2019-07-08,200.02,136.96,1952.32,230.34,1116.79
2019-07-09,201.24,136.46,1988.3,230.06,1124.29
2019-07-10,203.23,137.85,2017.41,238.92,1140.91
2019-07-11,201.75,138.4,2001.07,238.6,1144.08
2019-07-12,203.3,138.9,2011.0,245.08,1145.34
2019-07-15,205.21,138.9,2020.99,253.5,1150.51
2019-07-16,204.5,137.08,2009.9,252.38,1153.46
2019-07-17,203.35,136.27,1992.03,254.86,1146.74
2019-07-18,205.66,136.42,1977.9,253.54,1147.24
2019-07-19,202.59,136.62,1964.52,258.18,1131.55
2019-07-22,207.22,138.43,1985.63,255.68,1139.21
2019-07-23,208.84,139.29,1994.49,260.17,1148.05
2019-07-24,208.67,140.72,2000.81,264.88,1139.73
2019-07-25,207.02,140.19,1973.82,228.82,1135.94
2019-07-26,207.74,141.34,1943.05,228.04,1245.22
2019-07-29,209.68,141.03,1912.45,235.77,1241.84
2019-07-30,208.78,140.35,1898.53,242.26,1228.0
2019-07-31,213.04,136.27,1866.78,241.61,1218.2
2019-08-01,208.43,138.06,1855.32,233.85,1211.78
2019-08-02,204.02,136.9,1823.24,234.34,1196.32
2019-08-05,193.34,132.21,1765.13,228.32,1154.75
2019-08-06,197.0,134.69,1787.83,230.75,1171.08
2019-08-07,199.04,135.28,1793.4,233.42,1175.91
2019-08-08,203.43,138.89,1832.89,238.3,1206.19
2019-08-09,200.99,137.71,1807.58,235.01,1188.9
2019-08-12,200.48,135.79,1784.92,229.01,1174.5
2019-08-13,208.97,138.6,1824.34,235.0,1196.73
2019-08-14,202.75,133.98,1762.96,219.62,1164.25
2019-08-15,201.74,133.68,1776.12,215.64,1169.32
2019-08-16,206.5,136.13,1792.57,219.94,1179.21
2019-08-19,210.35,138.41,1816.12,226.83,1200.44
2019-08-20,210.36,137.26,1801.38,225.86,1183.53
2019-08-21,212.64,138.79,1823.54,220.83,1191.58
2019-08-22,212.46,137.78,1805.6,222.15,1191.52
2019-08-23,202.64,133.39,1749.62,211.4,1153.58
2019-08-26,206.49,135.45,1768.87,215.0,1171.18
2019-08-27,204.16,135.74,1761.83,214.08,1170.82
2019-08-28,205.53,135.56,1764.25,215.59,1173.75
2019-08-29,209.01,138.12,1786.4,221.71,1194.24
2019-08-30,208.74,137.86,1776.29,225.61,1190.53
2019-09-03,205.7,136.04,1789.84,225.01,1169.55
2019-09-04,209.19,137.63,1800.62,220.68,1182.27
2019-09-05,213.28,140.05,1840.72,229.58,1212.19
2019-09-06,213.26,139.1,1833.51,227.45,1206.32
2019-09-09,214.17,137.52,1831.35,231.79,1205.27
2019-09-10,216.7,136.08,1820.55,235.54,1205.7
2019-09-11,223.59,136.12,1822.99,247.1,1220.0
2019-09-12,223.085,137.52,1843.55,245.87,1234.97
2019-09-13,218.75,137.32,1839.34,245.2,1240.03
2019-09-16,219.9,136.33,1807.84,242.81,1231.63
2019-09-17,220.7,137.39,1822.55,244.79,1229.88
2019-09-18,222.77,138.52,1817.46,243.49,1232.65
2019-09-19,220.96,141.07,1821.5,246.6,1238.75
2019-09-20,217.73,139.44,1794.16,240.62,1229.84
2019-09-23,218.72,139.14,1785.3,241.23,1234.69
2019-09-24,217.68,137.38,1741.61,223.21,1218.33
2019-09-25,221.03,139.36,1768.33,228.7,1245.94
2019-09-26,219.89,139.54,1739.84,242.56,1242.29
2019-09-27,218.82,137.73,1725.45,242.13,1225.95
2019-09-30,223.97,139.03,1735.91,240.87,1221.14
2019-10-01,224.59,137.07,1735.65,244.69,1206.0
2019-10-02,218.96,134.65,1713.23,243.13,1177.92
2019-10-03,220.82,136.28,1724.42,233.03,1189.43
2019-10-04,227.01,138.12,1739.65,231.43,1210.96
2019-10-07,227.06,137.12,1732.66,237.72,1208.25
2019-10-08,224.4,135.67,1705.51,240.05,1190.13
2019-10-09,227.03,138.24,1721.99,244.53,1202.4
2019-10-10,230.09,139.1,1720.26,244.74,1209.47
2019-10-11,236.21,139.68,1731.92,247.89,1215.71
2019-10-14,235.87,139.55,1736.43,256.96,1217.77
2019-10-15,235.32,141.575,1767.38,257.89,1242.24
2019-10-16,234.37,140.41,1777.43,259.75,1243.0
2019-10-17,235.28,139.69,1787.48,261.97,1252.8
2019-10-18,236.41,137.41,1757.51,256.95,1244.41
2019-10-21,240.51,138.43,1785.66,253.5,1244.28
2019-10-22,239.96,136.37,1765.73,255.58,1241.2
2019-10-23,243.18,137.24,1762.17,254.68,1257.63
2019-10-24,243.58,139.94,1780.78,299.68,1259.11
2019-10-25,246.58,140.73,1761.33,328.13,1264.3
2019-10-28,249.05,144.19,1777.08,327.71,1288.98
2019-10-29,243.29,142.83,1762.71,316.22,1260.66
2019-10-30,243.26,144.61,1779.99,315.01,1260.7
2019-10-31,248.76,143.37,1776.66,314.92,1258.8
2019-11-01,255.82,143.72,1791.44,313.31,1272.25
2019-11-04,257.5,144.55,1804.66,317.47,1289.61
2019-11-05,257.13,144.46,1801.71,317.22,1291.44
2019-11-06,257.24,144.06,1795.77,326.58,1291.01
2019-11-07,259.43,144.26,1788.2,335.54,1306.94
2019-11-08,260.14,145.96,1785.88,337.14,1309.0
2019-11-11,262.2,146.11,1771.65,345.09,1298.28
2019-11-12,261.96,147.07,1778.0,349.93,1297.21
2019-11-13,264.47,147.31,1753.11,346.11,1296.18
2019-11-14,262.64,148.06,1754.6,349.35,1309.15
2019-11-15,265.76,149.97,1739.49,352.17,1333.54
2019-11-18,267.1,150.34,1752.53,349.99,1319.84
2019-11-19,266.29,150.39,1752.79,359.52,1312.59
2019-11-20,263.19,149.62,1745.53,352.22,1301.86
2019-11-21,262.01,149.48,1734.71,354.83,1300.14
2019-11-22,261.78,149.59,1745.72,333.04,1293.67
2019-11-25,266.37,151.23,1773.84,336.34,1305.64
2019-11-26,264.29,152.03,1796.94,328.92,1313.0
2019-11-27,267.84,152.32,1818.51,331.29,1312.13
2019-11-29,267.25,151.38,1800.8,329.94,1304.09
2019-12-02,264.16,149.55,1781.6,334.87,1288.86
2019-12-03,259.45,149.31,1769.96,336.2,1294.74
2019-12-04,261.74,149.85,1760.69,333.03,1318.94
2019-12-05,265.58,149.93,1740.48,330.37,1326.96
2019-12-06,270.71,151.75,1751.6,335.89,1339.39
2019-12-09,266.92,151.36,1749.51,339.53,1342.99
2019-12-10,268.48,151.13,1739.21,348.84,1342.89
2019-12-11,270.77,151.7,1748.72,352.7,1344.25
2019-12-12,271.46,153.24,1760.33,359.68,1348.49
2019-12-13,275.15,154.53,1760.94,358.39,1346.87
2019-12-16,279.86,155.53,1769.21,381.5,1360.7
2019-12-17,280.41,154.69,1790.66,378.99,1354.89
2019-12-18,279.74,154.37,1784.03,393.15,1351.91
2019-12-19,280.02,155.71,1792.28,404.04,1356.44
2019-12-20,279.44,157.41,1786.5,405.59,1351.22
2019-12-23,284.0,157.41,1793.0,419.22,1350.63
2019-12-24,284.27,157.38,1789.21,425.25,1344.43
2019-12-26,289.91,158.67,1868.77,430.94,1362.47
2019-12-27,289.8,158.96,1869.8,430.38,1354.64
2019-12-30,291.52,157.59,1846.89,414.7,1339.71
2019-12-31,293.65,157.7,1847.84,418.33,1339.39
2020-01-02,300.35,160.62,1898.01,430.26,1368.68
2020-01-03,297.43,158.62,1874.97,443.01,1361.52
2020-01-06,299.8,159.03,1902.88,451.54,1397.81
2020-01-07,298.39,157.58,1906.86,469.06,1395.11
2020-01-08,303.19,160.09,1891.97,492.14,1405.04
2020-01-09,309.63,162.09,1901.05,481.34,1419.79
2020-01-10,310.33,161.34,1883.16,478.15,1428.96
2020-01-13,316.96,163.28,1891.3,524.86,1440.03
2020-01-14,312.68,162.13,1869.44,537.92,1430.59
2020-01-15,311.34,163.18,1862.02,518.5,1439.2
2020-01-16,315.24,166.17,1877.94,513.49,1450.16
2020-01-17,318.73,167.1,1864.72,510.5,1479.52
2020-01-21,316.57,166.5,1892.0,547.2,1482.25
2020-01-22,317.7,165.7,1887.46,569.56,1484.17
2020-01-23,319.23,166.72,1884.58,572.2,1484.69
2020-01-24,318.31,165.04,1861.64,564.82,1466.17
2020-01-27,308.95,162.28,1828.34,558.02,1431.73
2020-01-28,317.69,165.46,1853.25,566.9,1450.5
2020-01-29,324.34,168.04,1858.0,580.99,1456.7
2020-01-30,323.87,172.78,1870.68,640.81,1454.25
2020-01-31,309.51,170.23,2008.72,650.57,1432.78
2020-02-03,308.66,174.38,2004.2,780.0,1482.6
2020-02-04,318.85,180.12,2049.67,887.06,1445.41
2020-02-05,321.45,179.9,2039.87,734.7,1446.05
2020-02-06,325.21,183.63,2050.23,748.96,1475.97
2020-02-07,320.03,183.89,2079.28,748.07,1479.11
2020-02-10,321.55,188.7,2133.91,771.28,1508.66
2020-02-11,319.61,184.44,2150.8,774.38,1510.06
2020-02-12,327.2,184.71,2160.0,767.29,1518.63
2020-02-13,324.87,183.71,2149.87,804.0,1513.39
2020-02-14,324.95,185.35,2134.87,800.03,1518.73
2020-02-18,319.0,187.23,2155.67,858.4,1519.44
2020-02-19,323.62,187.28,2170.22,917.42,1524.87
2020-02-20,320.3,184.42,2153.1,899.41,1516.99
2020-02-21,313.05,178.59,2095.97,901.0,1483.46
2020-02-24,298.18,170.89,2009.29,833.79,1419.86
2020-02-25,288.08,168.07,1972.74,799.91,1386.32
2020-02-26,292.65,170.17,1979.59,778.8,1390.47
2020-02-27,273.52,158.18,1884.3,679.0,1314.95
2020-02-28,273.36,162.01,1883.75,667.99,1339.25
2020-03-02,298.81,172.79,1953.95,743.62,1386.32
2020-03-03,289.32,164.51,1908.99,745.51,1337.72
2020-03-04,302.74,170.55,1975.83,749.5,1381.6
2020-03-05,292.92,166.27,1924.03,724.54,1314.76
2020-03-06,289.03,161.57,1901.09,703.48,1295.74
2020-03-09,266.17,150.62,1800.61,608.0,1215.79
2020-03-10,285.34,160.92,1891.82,645.33,1275.17
2020-03-11,275.43,153.63,1820.86,634.23,1210.9
2020-03-12,248.23,139.06,1676.61,560.55,1111.55
2020-03-13,277.97,158.83,1785.0,546.62,1214.27
2020-03-16,242.21,135.42,1689.15,445.07,1073.0
2020-03-17,252.86,146.57,1807.84,430.2,1118.06
2020-03-18,246.67,140.4,1830.0,361.22,1091.19
2020-03-19,244.78,142.71,1880.93,427.64,1111.67
2020-03-20,229.24,137.35,1846.09,427.53,1068.21
2020-03-23,224.37,135.98,1902.83,434.29,1054.13
2020-03-24,246.88,148.34,1940.1,505.0,1130.01
2020-03-25,245.52,146.92,1885.84,539.25,1101.62
2020-03-26,258.44,156.11,1955.49,528.16,1162.92
2020-03-27,247.74,149.7,1900.1,514.36,1110.26
2020-03-30,254.81,160.23,1963.95,502.13,1146.31
2020-03-31,254.29,157.71,1949.72,524.0,1161.95
2020-04-01,240.91,152.11,1907.7,481.56,1102.1
2020-04-02,244.93,155.26,1918.83,454.47,1117.03
2020-04-03,241.41,153.83,1906.59,480.01,1092.7
2020-04-06,262.47,165.27,1997.59,516.24,1183.19
2020-04-07,259.43,163.49,2011.6,545.45,1182.56
2020-04-08,266.07,165.13,2043.0,548.84,1207.0
2020-04-09,267.99,165.14,2042.76,573.0,1206.57
2020-04-13,273.25,165.51,2168.87,650.95,1210.41
2020-04-14,287.05,173.7,2283.32,709.89,1265.23
2020-04-15,284.43,171.88,2307.68,729.83,1257.3
2020-04-16,286.69,177.04,2408.19,745.21,1257.43
2020-04-17,282.8,178.6,2375.0,753.89,1279.0
2020-04-20,276.93,175.06,2393.61,746.36,1261.15
2020-04-21,268.37,167.82,2328.12,686.72,1212.16
2020-04-22,276.1,173.52,2363.49,732.11,1258.41
2020-04-23,275.03,171.42,2399.45,705.63,1271.17
2020-04-24,282.97,174.55,2410.22,725.15,1276.6
2020-04-27,283.17,174.05,2376.0,798.75,1270.86
2020-04-28,278.58,169.81,2314.08,769.12,1232.59
2020-04-29,287.73,177.43,2372.71,800.51,1342.18
2020-04-30,293.8,179.21,2474.0,781.88,1346.7
2020-05-01,289.07,174.57,2286.04,701.32,1317.32
2020-05-04,293.16,178.84,2315.99,761.19,1322.9
2020-05-05,297.56,180.76,2317.8,768.21,1349.02
2020-05-06,300.63,182.54,2351.26,782.58,1345.43
2020-05-07,303.74,183.6,2367.61,780.04,1369.28
2020-05-08,310.13,184.68,2379.61,819.42,1384.34
2020-05-11,315.01,186.74,2409.0,811.29,1403.59
2020-05-12,311.41,182.51,2356.95,809.41,1375.18
2020-05-13,307.65,179.75,2367.92,790.96,1348.33
2020-05-14,309.54,180.53,2388.85,803.33,1356.86
2020-05-15,307.71,183.16,2409.78,799.17,1373.06
2020-05-18,314.96,184.91,2426.26,813.63,1385.18
2020-05-19,313.14,183.63,2449.33,808.01,1374.4
2020-05-20,319.23,185.66,2497.94,815.56,1409.16
2020-05-21,316.85,183.43,2446.74,827.6,1406.75
2020-05-22,318.89,183.51,2436.88,816.88,1413.24
2020-05-26,316.73,181.57,2421.86,818.87,1421.37
2020-05-27,318.11,181.81,2410.39,820.23,1420.28
2020-05-28,318.25,181.4,2401.1,805.81,1418.24
2020-05-29,317.94,183.25,2442.37,835.0,1433.52
2020-06-01,321.85,182.83,2471.04,898.1,1434.87
2020-06-02,323.34,184.91,2472.41,881.56,1442.31
2020-06-03,325.12,185.36,2478.4,882.96,1439.25
2020-06-04,322.32,182.92,2460.6,864.38,1414.3
2020-06-05,331.5,187.2,2483.0,885.66,1440.02
2020-06-08,333.46,188.36,2524.06,949.92,1448.04
2020-06-09,343.99,189.8,2600.86,940.67,1452.08
2020-06-10,352.84,196.84,2647.45,1025.05,1464.7
2020-06-11,335.9,186.27,2557.96,972.84,1401.9
2020-06-12,338.8,187.74,2545.02,935.28,1412.92
2020-06-15,342.99,188.94,2572.68,990.9,1420.74
2020-06-16,352.08,193.57,2615.27,982.13,1446.47
2020-06-17,351.59,194.24,2640.98,991.79,1452.54
2020-06-18,351.73,196.32,2653.98,1003.96,1434.12
2020-06-19,349.72,195.15,2675.01,1000.9,1424.64
2020-06-22,358.87,200.57,2713.82,994.32,1450.66
2020-06-23,366.53,201.91,2764.41,1001.78,1463.98
2020-06-24,360.06,197.84,2734.4,960.85,1432.7
2020-06-25,364.84,200.34,2754.58,985.98,1441.1
2020-06-26,353.63,196.33,2692.87,959.74,1362.54
2020-06-29,361.78,198.44,2680.38,1009.35,1397.17
2020-06-30,364.8,203.51,2758.82,1079.81,1418.05
2020-07-01,364.11,204.7,2878.7,1119.63,1442.0
2020-07-02,364.11,206.26,2890.3,1208.66,1469.93
2020-07-06,373.85,210.7,3057.04,1371.58,1499.65
2020-07-07,372.69,208.25,3000.12,1389.86,1489.92
2020-07-08,381.37,212.83,3081.11,1365.88,1503.6
2020-07-09,382.73,214.32,3182.63,1394.28,1518.66
2020-07-10,383.68,213.67,3200.0,1544.65,1539.01
2020-07-13,381.91,207.07,3104.0,1497.06,1512.23
2020-07-14,388.23,208.35,3084.0,1516.8,1520.86
2020-07-15,390.9,208.04,3008.87,1546.01,1516.88
2020-07-16,386.09,203.92,2999.9,1500.64,1514.92
2020-07-17,385.31,202.88,2961.97,1500.84,1516.85
2020-07-20,393.43,211.6,3196.84,1643.0,1563.84
2020-07-21,388.0,208.75,3138.29,1568.36,1555.92
2020-07-22,389.09,211.75,3099.91,1592.33,1564.85
2020-07-23,371.38,202.54,2986.55,1513.07,1516.75
2020-07-24,370.46,201.3,3008.91,1417.0,1508.21
2020-07-27,379.24,203.85,3055.21,1539.6,1529.43
2020-07-28,373.01,202.02,3000.33,1476.49,1503.65
2020-07-29,380.16,204.06,3033.53,1499.11,1523.51
2020-07-30,384.76,203.9,3051.88,1487.49,1538.37
2020-07-31,425.04,205.01,3164.68,1430.76,1487.95
2020-08-03,435.75,216.54,3111.89,1485.0,1482.76
2020-08-04,438.66,213.29,3138.83,1487.0,1473.3
2020-08-05,440.25,212.94,3205.03,1485.02,1479.09
2020-08-06,455.61,216.35,3225.0,1489.58,1504.95
2020-08-07,444.45,212.48,3167.46,1452.71,1498.37
2020-08-10,450.91,208.25,3148.16,1418.57,1496.82
2020-08-11,437.5,203.38,3080.67,1374.39,1480.54
2020-08-12,452.04,209.19,3162.24,1554.76,1507.24
2020-08-13,460.04,208.7,3161.02,1621.0,1516.65
2020-08-14,459.63,208.9,3148.02,1650.71,1504.63
2020-08-17,458.43,210.28,3182.41,1835.64,1516.24
2020-08-18,462.25,211.49,3312.49,1887.09,1555.78
2020-08-19,462.83,209.7,3260.48,1878.53,1544.61
2020-08-20,473.1,214.58,3297.37,2001.83,1576.25
2020-08-21,497.48,213.02,3284.72,2049.98,1575.57
2020-08-24,503.43,213.69,3307.46,2014.2,1585.15
2020-08-25,499.3,216.47,3346.49,2023.34,1605.85
2020-08-26,506.09,221.15,3441.85,2153.17,1644.13
2020-08-27,500.04,226.58,3400.0,2238.75,1628.52
2020-08-28,499.23,228.91,3401.8,2213.4,1639.43
2020-08-31,129.04,225.53,3450.96,498.32,1629.53
2020-09-01,134.18,227.27,3499.12,475.05,1655.08
2020-09-02,131.4,231.65,3531.45,447.37,1717.39
2020-09-03,120.88,217.3,3368.0,407.0,1629.51
2020-09-04,120.96,214.25,3294.62,418.32,1581.21
2020-09-08,112.82,202.66,3149.84,330.21,1523.6
2020-09-09,117.32,211.29,3268.61,366.28,1547.23
2020-09-10,113.49,205.37,3175.11,371.34,1526.05
2020-09-11,112.0,204.03,3116.22,372.72,1515.76
2020-09-14,115.355,205.41,3102.97,419.62,1508.83
2020-09-15,115.54,208.78,3156.13,449.76,1535.12
2020-09-16,112.13,205.05,3078.1,441.76,1512.09
2020-09-17,110.34,202.91,3008.73,423.43,1487.04
2020-09-18,106.84,200.39,2954.91,442.15,1451.09
2020-09-21,110.08,202.54,2960.47,449.39,1430.14
2020-09-22,111.81,207.42,3128.99,424.23,1459.82
2020-09-23,107.12,200.59,2999.86,380.36,1409.39
2020-09-24,108.22,203.19,3019.79,387.79,1422.86
2020-09-25,112.28,207.82,3095.13,407.34,1439.06
2020-09-28,114.96,209.44,3174.05,421.2,1458.66
2020-09-29,114.09,207.26,3144.88,419.07,1466.02
2020-09-30,115.81,210.33,3148.73,429.01,1465.6
2020-10-01,116.79,212.46,3221.26,448.16,1487.9
2020-10-02,113.02,206.19,3125.0,415.09,1455.6
2020-10-05,116.5,210.38,3199.2,425.68,1482.83
2020-10-06,113.16,205.91,3099.96,413.98,1451.02
2020-10-07,115.08,209.83,3195.69,425.3,1459.14
2020-10-08,114.97,210.58,3190.55,425.92,1483.43
2020-10-09,116.97,215.81,3286.65,434.0,1510.45
2020-10-12,124.4,221.4,3442.93,442.3,1564.59
2020-10-13,121.1,222.86,3443.63,446.65,1567.07
2020-10-14,121.19,220.86,3363.71,461.3,1563.44
2020-10-15,120.71,219.66,3338.65,448.88,1555.47
2020-10-16,119.02,219.66,3272.71,439.67,1567.7
2020-10-19,115.98,214.22,3207.21,430.83,1529.95
2020-10-20,117.51,214.65,3217.01,421.94,1551.08
2020-10-21,116.87,214.8,3184.94,422.64,1585.99
2020-10-22,115.75,214.89,3176.4,425.79,1606.66
2020-10-23,115.04,216.23,3204.4,420.63,1632.98
2020-10-26,115.05,210.08,3207.04,420.28,1584.29
2020-10-27,116.6,213.25,3286.33,424.68,1598.88
2020-10-28,111.2,202.68,3162.78,406.02,1510.8
2020-10-29,115.32,204.72,3211.01,410.83,1556.88
2020-10-30,108.86,202.47,3036.15,388.04,1616.11
2020-11-02,108.77,202.33,3004.48,400.51,1624.32
2020-11-03,110.44,206.43,3048.41,423.9,1645.66
2020-11-04,114.95,216.39,3241.16,420.98,1745.85
2020-11-05,119.03,223.29,3322.0,438.09,1762.5
2020-11-06,118.69,223.72,3311.37,429.95,1759.73
2020-11-09,116.32,218.39,3143.74,421.26,1761.42
2020-11-10,115.97,211.01,3035.02,410.36,1737.72
2020-11-11,119.49,216.55,3137.39,417.13,1747.23
2020-11-12,119.21,215.44,3110.28,411.76,1742.82
2020-11-13,119.26,216.51,3128.81,408.5,1772.26
2020-11-16,120.3,217.23,3131.06,408.09,1774.03
2020-11-17,119.39,214.46,3135.66,441.61,1761.66
2020-11-18,118.03,211.08,3105.46,486.64,1740.64
2020-11-19,118.64,212.42,3117.02,499.27,1758.57
2020-11-20,117.34,210.39,3099.4,489.61,1736.38
2020-11-23,113.85,210.11,3098.39,521.85,1727.56
2020-11-24,115.17,213.86,3118.06,555.38,1763.9
2020-11-25,116.03,213.87,3185.07,574.0,1764.13
2020-11-27,116.59,215.23,3195.34,585.76,1787.02
2020-11-30,119.05,214.07,3168.04,567.6,1754.4
2020-12-01,122.72,216.21,3220.08,584.76,1795.36
2020-12-02,123.08,215.37,3203.53,568.82,1824.97
2020-12-03,122.94,214.24,3186.73,593.38,1821.84
2020-12-04,122.25,214.36,3162.58,599.04,1823.76
2020-12-07,123.75,214.29,3158.0,641.76,1817.03
2020-12-08,124.38,216.01,3177.29,649.88,1811.33
2020-12-09,121.78,211.8,3104.2,604.48,1777.86
2020-12-10,123.24,210.52,3101.49,627.07,1767.65
2020-12-11,122.41,213.26,3116.42,609.99,1774.8
2020-12-14,121.78,214.2,3156.97,639.83,1752.26
2020-12-15,127.88,214.13,3165.12,633.25,1761.08
2020-12-16,127.81,219.28,3240.96,622.77,1757.19
2020-12-17,128.7,219.42,3236.08,655.9,1740.51
2020-12-18,126.655,218.59,3201.65,695.0,1726.22
2020-12-21,128.23,222.59,3206.18,649.86,1734.56
2020-12-22,131.88,223.94,3206.52,640.34,1720.22
2020-12-23,130.96,221.02,3185.27,645.98,1728.23
2020-12-24,131.97,222.75,3172.69,661.77,1734.16
2020-12-28,136.69,224.96,3283.96,663.69,1773.96
2020-12-29,134.87,224.15,3322.0,665.99,1757.76
2020-12-30,133.72,221.68,3285.85,694.78,1736.25
2020-12-31,132.69,222.42,3256.93,705.67,1752.64
2021-01-04,129.41,217.69,3186.63,729.77,1726.13
2021-01-05,131.01,217.9,3218.51,735.11,1740.05
2021-01-06,126.6,212.25,3138.38,755.98,1722.88
2021-01-07,130.92,218.29,3162.16,816.04,1774.34
2021-01-08,132.05,219.62,3182.7,880.02,1797.83
2021-01-11,128.98,217.49,3114.21,811.19,1756.29
2021-01-12,128.8,214.93,3120.83,849.44,1737.43
2021-01-13,130.89,216.34,3165.89,854.41,1747.25
2021-01-14,128.91,213.02,3127.47,845.0,1730.92
2021-01-15,127.14,212.65,3104.25,826.16,1727.62
2021-01-19,127.83,216.44,3120.76,844.55,1784.47
2021-01-20,132.03,224.34,3263.38,850.45,1880.07
2021-01-21,136.87,224.97,3306.99,844.99,1884.15
2021-01-22,139.07,225.95,3292.23,846.64,1892.56
2021-01-25,142.92,229.53,3294.0,880.8,1894.28
2021-01-26,143.16,232.33,3326.13,883.09,1907.95
2021-01-27,142.06,232.9,3232.58,864.16,1818.94
2021-01-28,137.09,238.93,3237.62,835.43,1853.2
2021-01-29,131.96,231.96,3206.2,793.53,1827.36
2021-02-01,134.14,239.65,3342.88,839.81,1893.07
2021-02-02,134.99,239.51,3380.0,872.79,1919.12
2021-02-03,133.94,243.0,3312.53,854.69,2058.88
2021-02-04,137.39,242.01,3331.0,849.99,2053.63
2021-02-05,136.76,242.2,3352.15,852.23,2088.83
2021-02-08,136.91,242.47,3322.94,863.42,2084.52
2021-02-09,136.01,243.77,3305.0,849.46,2075.39
2021-02-10,135.39,242.82,3286.58,804.82,2086.48
2021-02-11,135.13,244.49,3262.13,811.66,2088.75
2021-02-12,135.37,244.99,3277.71,816.12,2095.03
2021-02-16,133.19,243.7,3268.95,796.22,2110.7
2021-02-17,130.84,244.2,3308.64,798.15,2118.62
2021-02-18,129.71,243.79,3328.23,787.38,2105.81
2021-02-19,129.87,240.97,3249.9,781.3,2088.81
2021-02-22,126.0,234.51,3180.74,714.5,2054.26
2021-02-23,125.86,233.27,3194.5,698.84,2060.12
2021-02-24,125.35,234.55,3159.53,742.02,2083.81
2021-02-25,120.99,228.99,3057.16,682.22,2015.95
2021-02-26,121.26,232.38,3092.93,675.5,2021.91
2021-03-01,127.79,236.94,3146.14,718.43,2069.66
2021-03-02,125.12,233.87,3094.53,686.44,2064.48
2021-03-03,122.06,227.56,3005.0,653.2,2011.41
2021-03-04,120.13,226.73,2977.57,621.44,2033.93
2021-03-05,121.42,231.6,3000.46,597.95,2097.07
2021-03-08,116.36,227.39,2951.95,563.0,2007.5
2021-03-09,121.085,233.78,3062.85,673.58,2040.36
2021-03-10,119.98,232.42,3057.64,668.06,2036.19
2021-03-11,121.96,237.13,3113.59,699.6,2100.54
2021-03-12,121.03,235.75,3089.49,693.73,2050.0
2021-03-15,123.99,234.81,3081.68,707.94,2054.44
2021-03-16,125.57,237.71,3091.86,676.88,2083.89
2021-03-17,124.76,237.04,3135.73,701.81,2082.22
2021-03-18,120.53,230.72,3027.99,653.16,2021.34
2021-03-19,119.99,230.35,3074.96,654.87,2026.96
2021-03-22,123.39,235.99,3110.87,670.0,2030.69
2021-03-23,122.54,237.58,3137.5,662.16,2041.33
2021-03-24,120.09,235.46,3087.07,630.27,2032.53
2021-03-25,120.59,232.34,3046.26,640.39,2032.46
2021-03-26,121.21,236.48,3052.03,618.71,2024.73
2021-03-29,121.39,235.24,3075.73,611.29,2045.79
2021-03-30,119.9,231.85,3055.29,635.62,2046.47
2021-03-31,122.15,235.77,3094.08,667.93,2062.52
2021-04-01,123.0,242.35,3161.0,661.75,2129.78
2021-04-05,125.9,249.07,3226.73,691.05,2218.96
2021-04-06,126.21,247.86,3223.82,691.62,2209.26
2021-04-07,127.9,249.9,3279.39,670.97,2239.03
2021-04-08,130.36,253.25,3299.3,683.8,2250.43
2021-04-09,132.995,255.85,3372.2,677.02,2270.67
2021-04-12,131.37,255.83,3381.45,701.1,2245.18
2021-04-13,134.4026,258.49,3398.21,762.35,2253.21
2021-04-14,132.03,255.81,3333.0,732.73,2241.92
2021-04-15,134.5,259.56,3378.63,738.7,2285.385
2021-04-16,134.065,260.57,3398.46,739.395,2282.96
2021-04-19,134.88,258.91,3373.91,714.98,2290.73
2021-04-20,133.12,258.28,3332.07,718.79,2277.22
2021-04-21,133.49,260.62,3361.56,743.91,2278.34
2021-04-22,131.94,257.17,3309.04,719.69,2252.52
2021-04-23,134.32,261.15,3340.88,729.4,2299.93
2021-04-26,134.72,261.55,3409.0,738.2,2309.93
2021-04-27,134.39,261.97,3417.43,704.74,2290.98
2021-04-28,133.58,254.56,3458.5,694.4,2359.04
2021-04-29,133.48,252.51,3471.31,677.0,2392.76
2021-04-30,131.46,252.18,3467.42,709.44,2353.5
2021-05-03,132.54,251.86,3386.49,684.9,2343.08
2021-05-04,127.85,247.79,3311.87,673.6,2306.83
2021-05-05,128.1,246.47,3270.54,670.94,2314.77
2021-05-06,129.72,249.71,3306.37,663.7,2337.18
2021-05-07,130.21,252.46,3291.61,672.37,2351.93
2021-05-10,126.85,247.18,3190.49,629.04,2291.75
2021-05-11,125.91,246.23,3223.91,617.2,2270.06
2021-05-12,122.82,239.03,3153.45,589.8903,2200.25
2021-05-13,124.94,242.98,3162.61,571.4,2229.05
2021-05-14,127.45,248.15,3222.9,589.72,2278.38
2021-05-17,126.27,245.18,3270.39,576.83,2288.92
2021-05-18,124.85,243.08,3232.28,577.87,2262.47
2021-05-19,124.69,243.12,3231.8,563.46,2271.5
2021-05-20,127.31,246.48,3247.68,586.78,2306.95
2021-05-21,125.43,245.17,3203.08,580.88,2294.13
2021-05-24,127.1,250.78,3244.99,606.44,2361.04
2021-05-25,126.9,251.72,3259.05,604.69,2362.87
2021-05-26,126.85,251.49,3265.16,619.13,2380.31
2021-05-27,125.28,249.31,3230.11,630.85,2362.68
2021-05-28,124.61,249.68,3223.07,625.22,2356.85
2021-06-01,124.28,247.4,3218.65,623.9,2381.18
2021-06-02,125.06,247.3,3233.99,605.12,2370.59
2021-06-03,123.54,245.71,3187.01,572.84,2347.58
2021-06-04,125.89,250.79,3206.22,599.05,2393.57
2021-06-07,125.9,253.81,3198.01,605.13,2402.3
2021-06-08,126.74,252.57,3264.11,603.59,2398.44
2021-06-09,127.13,253.59,3281.15,598.78,2407.94
2021-06-10,126.11,257.24,3349.65,610.12,2435.13
2021-06-11,127.35,257.89,3346.83,609.89,2430.2
2021-06-14,130.48,259.89,3383.87,617.69,2448.91
2021-06-15,129.64,258.36,3383.13,599.36,2428.39
2021-06-16,130.15,257.38,3415.25,604.87,2415.45
2021-06-17,131.79,260.9,3489.24,616.6,2434.87
2021-06-18,130.46,259.43,3486.9,623.31,2402.22
2021-06-21,132.3,262.63,3453.96,620.83,2436.25
2021-06-22,133.98,265.51,3505.44,623.71,2446.61
2021-06-23,133.7,265.275,3503.82,656.57,2442.54
2021-06-24,133.41,266.69,3449.08,679.82,2450.0
2021-06-25,133.11,265.02,3401.46,671.87,2450.17
2021-06-28,134.78,268.72,3443.89,688.72,2450.72
2021-06-29,136.33,271.4,3448.14,680.76,2445.45
2021-06-30,136.96,270.9,3440.16,679.7,2441.79
2021-07-01,137.27,271.6,3432.97,677.92,2448.89
2021-07-02,139.96,277.65,3510.98,678.9,2505.15
2021-07-06,142.02,277.66,3675.74,659.58,2523.8
2021-07-07,144.57,279.93,3696.58,644.65,2529.48
2021-07-08,143.24,277.42,3731.41,652.81,2500.88
2021-07-09,145.11,277.94,3719.34,656.95,2510.37
2021-07-12,144.5,277.32,3718.55,685.7,2539.51
2021-07-13,145.64,280.98,3677.36,668.54,2546.83
2021-07-14,149.15,282.51,3681.68,653.38,2564.74
2021-07-15,148.48,281.03,3631.2,650.6,2540.1
2021-07-16,146.39,280.75,3573.63,644.22,2539.4
2021-07-19,142.45,277.01,3549.59,646.22,2491.56
2021-07-20,146.15,279.32,3573.19,660.5,2524.19
2021-07-21,145.4,281.4,3585.2,655.29,2550.98
2021-07-22,146.8,286.14,3638.03,649.26,2568.43
2021-07-23,148.56,289.67,3656.64,643.38,2660.3
2021-07-26,148.99,289.05,3699.82,657.62,2680.7
2021-07-27,146.77,286.54,3626.39,644.78,2638.0
2021-07-28,144.98,286.22,3630.32,646.98,2721.88
2021-07-29,145.64,286.5,3599.92,677.35,2715.55
2021-07-30,145.86,284.91,3327.59,687.2,2694.53
2021-08-02,145.52,284.82,3331.48,709.67,2697.09
2021-08-03,147.36,287.12,3366.24,709.74,2712.6
2021-08-04,146.95,286.51,3354.72,710.92,2702.51
2021-08-05,147.06,289.52,3375.99,714.63,2725.03
2021-08-06,146.14,289.46,3344.94,699.1,2714.77
2021-08-09,146.09,288.33,3341.87,713.76,2738.26
2021-08-10,145.6,286.44,3320.68,709.99,2736.14
2021-08-11,145.86,286.95,3292.11,707.82,2725.58
2021-08-12,148.89,289.81,3303.5,722.25,2743.88
2021-08-13,149.1,292.85,3293.97,717.17,2754.55
2021-08-16,151.12,294.6,3298.99,686.17,2766.19
2021-08-17,150.19,293.08,3241.96,665.71,2733.23
2021-08-18,146.36,290.73,3201.22,688.99,2708.98
2021-08-19,146.7,296.77,3187.75,673.47,2713.6
2021-08-20,148.19,304.36,3199.95,680.26,2748.59
2021-08-23,149.71,304.65,3265.87,706.3,2800.83
2021-08-24,149.62,302.62,3305.78,708.49,2825.23
2021-08-25,148.36,302.01,3299.18,711.2,2841.58
2021-08-26,147.54,299.09,3316.0,701.16,2828.81
2021-08-27,148.6,299.72,3349.63,711.92,2880.08
2021-08-30,153.12,303.59,3421.57,730.91,2891.81
2021-08-31,151.83,301.88,3470.79,735.72,2893.95
2021-09-01,152.51,301.83,3479.0,734.09,2904.31
2021-09-02,153.65,301.15,3463.12,732.39,2865.74
2021-09-03,154.3,301.14,3478.05,733.57,2874.79
2021-09-07,156.69,300.18,3509.29,752.92,2885.61
2021-09-08,155.11,300.21,3525.5,753.87,2873.82
2021-09-09,154.07,297.25,3484.16,754.86,2870.82
2021-09-10,148.97,295.71,3469.15,736.27,2817.52
2021-09-13,149.55,296.99,3457.17,743.0,2846.65
2021-09-14,148.12,299.79,3450.0,744.49,2850.89
2021-09-15,149.03,304.82,3475.79,755.83,2888.59
2021-09-16,148.79,305.22,3488.24,756.99,2872.2
2021-09-17,146.06,299.87,3462.52,759.49,2816.0
2021-09-20,142.94,294.3,3355.73,730.17,2774.39
2021-09-21,143.43,294.8,3343.63,739.38,2780.66
2021-09-22,145.85,298.58,3380.05,751.94,2805.67
2021-09-23,146.83,299.56,3416.0,753.64,2824.32
2021-09-24,146.92,299.35,3425.52,774.39,2844.3
2021-09-27,145.37,294.17,3405.8,791.36,2821.44
2021-09-28,141.91,283.52,3315.96,777.56,2716.6
2021-09-29,142.83,284.0,3301.12,781.31,2687.07
2021-09-30,141.5,281.92,3285.04,775.48,2673.52
2021-10-01,142.65,289.1,3283.26,775.22,2730.86
2021-10-04,139.14,283.11,3189.78,781.53,2673.19
2021-10-05,141.11,288.76,3221.0,780.59,2720.46
2021-10-06,142.0,293.11,3262.01,782.75,2751.3
2021-10-07,143.29,294.85,3302.43,793.61,2784.5
2021-10-08,142.9,294.85,3288.62,785.49,2795.71
2021-10-11,142.81,294.23,3246.3,791.94,2778.28
2021-10-12,141.51,292.88,3247.33,805.72,2728.98
2021-10-13,140.91,296.31,3284.28,811.08,2751.64
2021-10-14,143.76,302.75,3299.86,818.32,2823.02
2021-10-15,144.84,304.21,3409.02,843.03,2827.36
2021-10-18,146.55,307.29,3446.74,870.11,2855.56
2021-10-19,148.76,308.23,3444.15,864.27,2864.74
2021-10-20,149.26,307.41,3415.06,865.8,2835.38
2021-10-21,149.48,310.76,3435.01,894.0,2837.72
2021-10-22,148.69,309.16,3335.55,909.68,2751.33
2021-10-25,148.64,308.13,3320.37,1024.86,2748.94
2021-10-26,149.32,310.11,3376.07,1018.43,2786.17
2021-10-27,148.85,323.17,3392.49,1037.86,2924.35
2021-10-28,152.57,324.35,3446.57,1077.04,2916.98
2021-10-29,149.8,331.62,3372.43,1114.0,2960.92
2021-11-01,148.96,329.37,3318.11,1208.59,2869.94
2021-11-02,150.02,333.13,3312.75,1172.0,2908.65
2021-11-03,151.49,334.0,3384.0,1213.86,2931.96
2021-11-04,150.96,336.44,3477.0,1229.91,2965.35
2021-11-05,151.28,336.06,3518.99,1222.09,2977.04
2021-11-08,150.44,336.99,3488.98,1162.94,2980.62
2021-11-09,150.81,335.95,3576.23,1023.5,2978.37
2021-11-10,147.92,330.8,3482.05,1067.95,2917.87
2021-11-11,147.87,332.43,3472.5,1063.51,2915.33
2021-11-12,149.99,336.72,3525.15,1033.42,2973.56
2021-11-15,150.0,336.07,3545.68,1013.39,2969.04
2021-11-16,151.0,339.51,3540.7,1054.73,2957.52
2021-11-17,153.49,339.12,3549.0,1089.01,2960.94
2021-11-18,157.87,341.27,3696.06,1096.38,2996.77
2021-11-19,160.55,343.11,3676.57,1137.06,2978.53
2021-11-22,161.02,339.83,3572.57,1156.87,2926.04
2021-11-23,161.41,337.68,3580.04,1109.03,2915.64
2021-11-24,161.94,337.91,3580.41,1116.0,2922.4
2021-11-26,156.81,329.68,3504.56,1081.92,2843.66
2021-11-29,160.24,336.63,3561.57,1136.99,2910.61
2021-11-30,165.3,330.59,3507.07,1144.76,2837.95
2021-12-01,164.77,330.08,3443.72,1095.0,2821.03
2021-12-02,163.76,329.49,3437.36,1084.6,2859.32
2021-12-03,161.84,323.01,3389.79,1014.97,2840.03
2021-12-06,165.32,326.19,3427.37,1009.01,2863.1
2021-12-07,171.18,334.92,3523.29,1051.75,2945.39
2021-12-08,175.08,334.97,3523.16,1068.96,2963.73
2021-12-09,174.56,333.1,3483.42,1003.8,2952.77
2021-12-10,179.45,342.54,3444.24,1017.03,2960.03
2021-12-13,175.74,339.4,3391.35,966.41,2916.53
2021-12-14,174.33,328.34,3381.83,958.51,2878.14
2021-12-15,179.3,334.65,3466.3,975.99,2928.82
2021-12-16,172.26,324.9,3377.42,926.92,2888.9
2021-12-17,171.14,323.8,3400.35,932.57,2834.5
2021-12-20,169.75,319.91,3341.58,899.94,2832.14
2021-12-21,172.99,327.29,3408.34,938.53,2869.45
2021-12-22,175.64,333.2,3420.74,1008.87,2928.3
2021-12-23,176.28,334.69,3421.37,1067.0,2938.33
2021-12-27,180.33,342.45,3393.39,1093.94,2958.13
2021-12-28,179.29,341.25,3413.22,1088.47,2933.74
2021-12-29,179.38,341.95,3384.02,1086.19,2933.1
2021-12-30,178.2,339.32,3372.89,1070.34,2924.01
2021-12-31,177.57,336.32,3334.34,1056.78,2897.04
2022-01-03,182.01,334.75,3408.09,1199.78,2899.83
2022-01-04,179.7,329.01,3350.44,1149.59,2887.99
2022-01-05,174.835,316.38,3288.0,1088.12,2755.145
2022-01-06,172.0,313.88,3265.08,1064.7,2754.95
2022-01-07,172.17,314.04,3251.08,1026.96,2740.34
2022-01-10,172.19,314.27,3229.72,1058.12,2773.39
2022-01-11,175.08,314.98,3307.24,1064.4,2794.72
2022-01-12,175.53,318.27,3304.14,1106.22,2828.61
2022-01-13,172.19,304.8,3224.28,1031.56,2771.74
2022-01-14,173.07,310.2,3242.76,1049.61,2789.61
2022-01-18,169.8,302.65,3178.35,1030.51,2719.96
2022-01-19,166.23,303.33,3125.98,995.65,2702.33
2022-01-20,164.51,301.6,3033.35,996.27,2666.15
2022-01-21,162.41,296.03,2852.86,943.9,2607.03
2022-01-24,161.62,296.37,2890.88,930.0,2616.08
2022-01-25,159.78,288.49,2799.72,918.4,2538.7
2022-01-26,159.69,296.71,2777.45,937.41,2584.66
2022-01-27,159.22,299.84,2792.75,829.1,2580.1
2022-01-28,170.33,308.26,2879.56,846.35,2667.02
2022-01-31,174.78,310.98,2991.47,936.72,2706.07
2022-02-01,174.61,308.76,3023.87,931.25,2752.88
2022-02-02,175.84,313.46,3012.25,905.66,2960.0
2022-02-03,172.9,301.25,2776.91,891.14,2861.8
2022-02-04,172.39,305.94,3152.79,923.32,2865.86
2022-02-07,171.66,300.95,3158.71,907.34,2784.02
2022-02-08,174.83,304.56,3228.27,922.0,2787.98
2022-02-09,176.28,311.21,3223.79,932.0,2831.84
2022-02-10,172.12,302.38,3180.07,904.55,2772.4
2022-02-11,168.64,295.04,3065.87,860.0,2685.65
2022-02-14,168.88,295.0,3103.34,875.76,2710.52
2022-02-15,172.79,300.47,3130.21,922.43,2732.17
2022-02-16,172.55,299.5,3162.01,923.39,2754.76
2022-02-17,168.88,290.73,3093.05,876.35,2650.78
2022-02-18,167.3,287.93,3052.03,856.98,2608.06
2022-02-22,164.32,287.72,3003.95,821.53,2596.27
2022-02-23,160.07,280.27,2896.54,764.04,2551.76
2022-02-24,162.74,294.59,3027.16,800.77,2653.82
2022-02-25,164.85,297.31,3075.77,809.87,2689.19
2022-02-28,165.12,298.79,3071.26,870.43,2701.14
2022-03-01,163.2,294.95,3022.84,864.37,2681.23
2022-03-02,166.56,300.19,3041.05,879.89,2691.43
2022-03-03,166.23,295.92,2957.97,839.29,2677.99
2022-03-04,163.17,289.86,2912.82,838.29,2638.13
2022-03-07,159.3,278.91,2749.06,804.58,2527.57
2022-03-08,157.44,275.85,2720.29,824.4,2542.09
2022-03-09,162.95,288.5,2785.58,858.97,2668.4
2022-03-10,158.52,285.59,2936.35,838.3,2648.59
2022-03-11,154.73,280.07,2910.49,795.35,2597.41
2022-03-14,150.62,276.44,2837.06,766.03,2519.02
2022-03-15,155.09,287.15,2947.33,801.89,2583.96
2022-03-16,159.59,294.39,3062.08,840.23,2665.61
2022-03-17,160.62,295.22,3144.78,871.6,2676.78
2022-03-18,163.98,300.43,3225.01,905.39,2722.51
2022-03-21,165.38,299.16,3229.83,921.16,2722.03
2022-03-22,168.82,304.06,3297.78,993.98,2797.36
2022-03-23,170.21,299.49,3268.16,999.11,2765.51
2022-03-24,174.07,304.1,3272.99,1013.92,2831.44
2022-03-25,174.72,303.68,3295.47,1010.64,2833.46
2022-03-28,175.6,310.7,3379.81,1091.84,2829.11
2022-03-29,178.96,315.41,3386.3,1099.57,2850.11
2022-03-30,177.77,313.86,3326.02,1093.99,2838.77
2022-03-31,174.61,308.31,3259.95,1077.6,2781.35
2022-04-01,174.31,309.42,3271.2,1084.59,2803.01
2022-04-04,178.44,314.97,3366.93,1145.45,2859.43
2022-04-05,175.06,310.88,3281.1,1091.26,2811.82
2022-04-06,171.59,299.5,3175.12,1045.76,2730.96
2022-04-07,172.14,301.37,3155.69,1057.26,2717.77
2022-04-08,170.09,296.97,3089.21,1025.49,2665.75
2022-04-11,165.75,285.26,3022.44,975.93,2576.47
2022-04-12,167.66,282.06,3015.75,986.95,2554.29
2022-04-13,170.4,287.62,3110.82,1022.37,2597.88
2022-04-14,165.29,279.83,3034.13,985.0,2534.6
2022-04-18,165.07,280.52,3055.7,1004.29,2553.53
2022-04-19,167.4,285.3,3162.31,1028.15,2600.18
2022-04-20,167.23,286.36,3079.96,977.2,2560.8
2022-04-21,166.42,280.81,2965.92,1008.78,2496.29
2022-04-22,161.79,274.03,2887.0,1005.05,2392.71
2022-04-25,162.88,280.72,2921.48,998.02,2461.48
2022-04-26,156.8,270.22,2787.82,876.42,2373.0
2022-04-27,156.57,283.22,2763.34,881.51,2285.89
2022-04-28,163.64,289.63,2891.93,877.51,2370.45
2022-04-29,157.65,277.52,2485.63,870.76,2282.19
2022-05-02,157.96,284.47,2490.0,902.94,2331.66
2022-05-03,159.48,281.78,2485.07,909.25,2346.68
2022-05-04,166.02,289.98,2518.57,952.62,2445.22
2022-05-05,156.77,277.35,2328.14,873.28,2330.11
